Profesor1,"HªFIL-2BACH
2º BACH B
(AULA 2BBach)","GUARDIA
Guardia","GUARDIA
G. Biblio","FIL-1BACH
1º BACH C
(AULA 1CBach)","VE-4ESO
4º ESO B
(AULA 4B)","VE-3ESO
3º ESO B
(D2)",,,,,,,,"HªFIL-2BACH
2º BACH C
(AULA 2CBach)","GUARDIA
Guardia","VE-3ESO
3º ESO D
(D5)","VE-3ESO
3º ESO A
(AULA 3A)
3ºD PMAR",,"FIL-1BACH
1º BACH C
(AULA 1CBach)",,,,,,,,,,,"REUNIÓN
DEPFIL","HªFIL-2BACH
2º BACH C
(AULA 2CBach)","VE-3ESO
3º ESO C
(D5)",,,,,,,,"HªFIL-2BACH
2º BACH B
(AULA 2BBach)","ED-DH - 2ESO
2º ESO B
(AULA 2B)","ED-DH - 2ESO
2º ESO A
(AULA 2A)","2PMAR -ED-DH
2ºD PMAR
(AULA 2D PMAR)",,,,,,,,,,"HªFIL-2BACH
2º BACH C
(AULA 2CBach)","HªFIL-2BACH
2º BACH B
(AULA 2BBach)",,"VE-4ESO
4º ESO D
(D5)","VE-4ESO
4º ESO C
(D5)
4ºPRAGE","FIL-1BACH
1º BACH C
(AULA 1CBach)",,,,,,,
Profesor2,"Mat 1Bach G1
1º BACH B
(AULA 1BBach)","Mat 2Bach
2º BACH B
(AULA 2BBach)",,"MAT.AC-3ESO
3º ESO A
(AULA 3A)","GUARDIA
G. Biblio","MAT-1ESO
1º ESO B
(AULA 1B)","REUNIÓN
DEPMAT",,,,,,,,,"MAT.AC-3ESO
3º ESO A
(AULA 3A)","MAT-1ESO
1º ESO B
(AULA 1B)","Mat 2Bach
2º BACH B
(AULA 2BBach)","Mat 1Bach G1
1º BACH B
(AULA 1BBach)",,,,,,,,,,,,"Mat 1Bach G1
1º BACH B
(AULA 1BBach)","MAT-1ESO
1º ESO B
(AULA 1B)",,,,,,,,"MAT-1ESO
1º ESO B
(AULA 1B)","MAT.AC-3ESO
3º ESO A
(AULA 3A)","REUNIÓN
R.Tut.ESO3-4","RMA-1ESO-G1
1º ESO A
(D1)
1º ESO C
1º ESO B","Mat 2Bach
2º BACH B
(AULA 2BBach)","TUT-3ESO
3º ESO A
(AULA 3A)",,,,,,,,"Mat 1Bach G1
1º BACH B
(AULA 1BBach)","MAT.AC-3ESO
3º ESO A
(AULA 3A)",,"MAT-1ESO
1º ESO B
(AULA 1B)","GUARDIA
Guardia","Mat 2Bach
2º BACH B
(AULA 2BBach)",,,,,,,
Profesor3,,,,,,,,,,,,,,,,,,,,,,,"ING-1BNoc
1BN-MIXTO
(Aula-1BN-HCS)
1BN-HCS",,"ING-2BNoc
2BN-HCS
(Aula-2BN-HCS)",,,,,,,,,,"ING-2BNoc
2BN-MIXTO
(Aula-2BN-MIXTO)","ING-2BNoc
2BN-HCS
(Aula-2BN-HCS)",,,,,,,,,,"REUNIÓN
DEPING",,"ING-1BNoc
1BN-MIXTO
(Aula-1BN-HCS)
1BN-HCS","ING-2BNoc
2BN-HCS
(Aula-2BN-HCS)","ING-2BNoc
2BN-MIXTO
(Aula-2BN-MIXTO)",,,,,,,,,,,,"ING-1BNoc
1BN-MIXTO
(Aula-1BN-HCS)
1BN-HCS","ING-2BNoc
2BN-MIXTO
(Aula-2BN-MIXTO)",,
Profesor4,,,,,"PMME
2DAM
(IFC-2)","1 DAM LMSGI
1DAM/DAW
(IFC-1)","REUNIÓN
DEPINF",,,,,,,,,,"1 DAM LMSGI
1DAM/DAW
(IFC-1)","1 DAM LMSGI
1DAM/DAW
(IFC-1)",,,,,,,,,,,,,,"1 DAM LMSGI
1DAM/DAW
(IFC-1)",,,,,,,,,,,,"PMME
2DAM
(IFC-2)","PMME
2DAM
(IFC-2)",,,,,,,,,,,,"PMME
2DAM
(IFC-2)","PMME
2DAM
(IFC-2)",,,,,,,
Profesor5,"LCL-2BACH
2º BACH C
(AULA 2CBach)",,"LCL-1BACH
1º BACH B
(AULA 1BBach)","LCL-2ESO
2º ESO D
(AULA 2D)",,,,,,,,,,,,"LCL-2ESO
2º ESO D
(AULA 2D)","GUARDIA
G. Biblio","LCL-4ESO
4º ESO D
(INF2)",,,,,,,,,"LCL-4ESO
4º ESO D
(AULA 4D)","RLE-2ESO-G1
2º ESO A
(DPTO LENGUA)
2º ESO B","LCL-2BACH
2º BACH C
(AULA 2CBach)","LCL-1BACH
1º BACH B
(AULA 1BBach)",,"LCL-2ESO
2º ESO D
(AULA 2D)",,,,,,,,"LCL-2BACH
2º BACH C
(AULA 2CBach)","ED-DH - 2ESO
2º ESO B
(INF1)","REUNIÓN
R.Tut.ESO3-4","LCL-1BACH
1º BACH B
(AULA 1BBach)",,"LCL-4ESO
4º ESO D
(INF2)","REUNIÓN
DEPLCL",,,,,,,"LCL-2ESO
2º ESO D
(AULA 2D)","LCL-4ESO
4º ESO D
(INF2)",,"LCL-2BACH
2º BACH C
(AULA 2CBach)","LCL-1BACH
1º BACH B
(AULA 1BBach)","TUT-4ESO
4º ESO D
(AULA 4D)",,,,,,,
Profesor6,"2 FPB OAD
2FPB
(AULA FPB 2º)","2 FPB OAD
2FPB
(AULA FPB 2º)","1 FPB OAC
1FPB
(AULA FPB 1º)","1 FPB OAC
1FPB
(AULA FPB 1º)",,,"REUNIÓN
DEPINF",,,,,,,,,"1 FPB OAC
1FPB
(AULA FPB 1º)","GUARDIA
Guardia","2 FPB OAD
2FPB
(AULA FPB 2º)","2 FPB OAD
2FPB
(AULA FPB 2º)",,,,,,,,,"2 FPB OAD
2FPB
(AULA FPB 2º)","2 FPB OAD
2FPB
(AULA FPB 2º)","1 FPB OAC
1FPB
(AULA FPB 1º)","1 FPB OAC
1FPB
(AULA FPB 1º)",,,,,,,,,,,"1 FPB OAC
1FPB
(AULA FPB 1º)","1 FPB OAC
1FPB
(AULA FPB 1º)","GUARDIA
Guardia","2 FPB OAD
2FPB
(AULA FPB 2º)",,,,,,,,"GUARDIA
Guardia","REUNIÓN
R.Tut. CCFF",,"2 FPB OAD
2FPB
(AULA FPB 2º)","2 FPB OAD
2FPB
(AULA FPB 2º)","2 FPB TUT
2FPB
(AULA FPB 2º)",,,,,,,
Profesor7,"LCL-2ESO
2º ESO A
(AULA 2A)",,"RLE-2ESO-G1
2º ESO D
(DPTO LENGUA)","LCL-3ESO
3º ESO D
(AULA 3D)","1 FPB CS
1FPB
(AULA FPB 1º)",,,,,,,,,,"1 FPB CS
1FPB
(AULA FPB 1º)","LCL-2ESO
2º ESO A
(AULA 2A)","LCL-3ESO
3º ESO D
(AULA 3D)","LCL-3ESO
3º ESO A
(AULA 3A)",,,,,,,,,"LCL-2ESO
2º ESO A
(AULA 2A)","LCL-3ESO
3º ESO D
(AULA 3D)","1 FPB CS
1FPB
(AULA FPB 1º)",,"GUARDIA
G. Biblio","LCL-3ESO
3º ESO A
(AULA 3A)",,,,,,,,,"1 FPB CS
1FPB
(AULA FPB 1º)","REUNIÓN
R.Tut.ESO3-4","LCL-3ESO
3º ESO A
(AULA 3A)",,"TUT-3ESO
3º ESO D
(AULA 3D)","REUNIÓN
DEPLCL",,,,,,,,"LCL-2ESO
2º ESO A
(AULA 2A)","LCL-3ESO
3º ESO A
(AULA 3A)",,"LCL-3ESO
3º ESO D
(AULA 3D)","1 FPB CS
1FPB
(AULA FPB 1º)",,,,,,,
Profesor8,,,"FRA2-2ESO
2º ESO C
(AULA 2C)
2º ESO D","GUARDIA
Guardia","FRA2-1ESO
1º ESO A
(AULA 1A)","FRA1-4ESO
4º ESO C
(DPTO FRANCÉS)
4ºPRAGE
4º ESO D",,,,,,,,,"FRA1-4ESO
4º ESO C
(DPTO FRANCÉS)
4ºPRAGE
4º ESO D","REUNIÓN
DEPFR","FRA2-4ESO G1
4º ESO A
(AULA 4A)
4º ESO B",,"FRA1-2ESO
2º ESO C
(DPTO FRANCÉS)
2º ESO D",,,,"FRA1-1BNoc
1BN-HCS
(Aula-1BN-MIXTO)
1BN-MIXTO",,,,,"FRA2-2ESO
2º ESO A
(AULA 2A)","FRA2-4ESO G1
4º ESO A
(AULA 4A)
4º ESO B","FRA1-4ESO
4º ESO C
(DPTO FRANCÉS)
4ºPRAGE
4º ESO D","FRA1-2ESO
2º ESO C
(DPTO FRANCÉS)
2º ESO D","GUARDIA
G. Biblio",,,,,,,,,"FRA1-4ESO
4º ESO C
(DPTO FRANCÉS)
4ºPRAGE
4º ESO D","FRA1-2ESO
2º ESO C
(D5)
2º ESO D","FRA2-1ESO
1º ESO A
(AULA 1A)","GUARDIA
Guardia","FRA2-2ESO
2º ESO C
(AULA 2C)
2º ESO D",,,"FRA1-1BNoc
1BN-HCS
(Aula-1BN-MIXTO)
1BN-MIXTO",,,,,,,"FRA1-2ESO
2º ESO C
(DPTO FRANCÉS)
2º ESO D",,"FRA2-2ESO
2º ESO A
(AULA 2A)","GUARDIA
Guardia",,,,"FRA1-1BNoc
1BN-HCS
(Aula-1BN-MIXTO)
1BN-MIXTO",,,
Profesor9,,,,,,,"REUNIÓN
DEPINF",,,,,,,"SOR
2SMR
(IFC-4)","SOR
2SMR
(IFC-4)",,,,,,,,,,,,,,,,,,,,,,,,,,"SOR
2SMR
(IFC-4)","SOR
2SMR
(IFC-4)",,,,,,,,,,,"SOR
2SMR
(IFC-4)","SOR
2SMR
(IFC-4)",,,,,,,,,,,
Profesor10,"GH-2ESO
2º ESO B
(AULA 2B)",,"HªESP-2BACH
2º BACH A
(AULA 2ABach)",,"HArt2BachG1
2º BACH C
(DPTO GH)
2º BACH D",,"REUNIÓN
DEPGH",,,,,,,,"VE-1ESO
1º ESO D
(INF1)","HArt2BachG1
2º BACH C
(DPTO GH)
2º BACH D","GH-2ESO
2º ESO B
(AULA 2B)","HªESP-2BACH
2º BACH A
(AULA 2ABach)",,,,,,,,,"GH-2ESO
2º ESO B
(AULA 2B)",,,"HArt2BachG1
2º BACH C
(D2)
2º BACH D",,"HªESP-2BACH
2º BACH A
(AULA 2ABach)",,,,,,,,,,,,,"CCP
REUNIÓN
(BIBLIOTECA)",,,,,,,,,"HArt2BachG1
2º BACH C
(DPTO GH)
2º BACH D",,"GH-2ESO
2º ESO B
(AULA 2B)",,"HªESP-2BACH
2º BACH A
(AULA 2ABach)",,,,,,,
Profesor11,"EF-SIng-3ESO
3º ESO A
(GIMNASIO)
3º ESO B","EF-SIng-2ESO
2º ESO A
(GIMNASIO)
2º ESO B",,"EF-SIng-1ESO
1º ESO B
(GIMNASIO)
1º ESO C",,"EF-SIng-2ESO
2º ESO C
(GIMNASIO)",,,,,,,,"EF-SIng-2ESO
2º ESO A
(GIMNASIO)
2º ESO B",,,"GUARDIA
Guardia",,"AFDO-2BACH
2º BACH A
(GIMNASIO)
2º BACH C
2º BACH D",,,,,,,,"EF-SIng-3ESO
3º ESO A
(GIMNASIO)
3º ESO B","EF-SIng-2ESO
2º ESO C
(GIMNASIO)",,"EF-SIng-1ESO
1º ESO B
(PATIO 2)
1º ESO C","REUNIÓN
DEPEF","EF-SIng-1ESO
1º ESO A
(GIMNASIO)",,,,,,,,,"EF-1BACH
1º BACH D
(GIMNASIO)",,"EF-SIng-4ESO
4º ESO A
(GIMNASIO)
4º ESO D
4º ESO B","EF-SIng-1ESO
1º ESO A
(GIMNASIO)","CCP
REUNIÓN
(BIBLIOTECA)",,,,,,,,"EF-1BACH
1º BACH D
(GIMNASIO)","REUNIÓN
SBI",,,"EF-SIng-4ESO
4º ESO A
(GIMNASIO)
4º ESO D
4º ESO B",,,,,,,,
Profesor12,"ING-1ESO
1º ESO D
(AULA 1CD)",,"GUARDIA
Guardia","ING-1ESO
1º ESO A
(D1)",,,,,,,,,,"ING-1ESO
1º ESO D
(AULA 1CD)","ING-3ESO
3º ESO D
(AULA 3D)","REUNIÓN
R.Tut.ESO1-2","1 FPB ING
1FPB
(AULA FPB 1º)","ING-1ESO
1º ESO A
(D1)","ING-2ESO
2º ESO D
(AULA 2D)",,,,,,,,"ING-1ESO
1º ESO D
(AULA 1CD)","ING-1ESO
1º ESO A
(D1)",,"ING-3ESO
3º ESO D
(AULA 3D)","ING-2ESO
2º ESO D
(AULA 2D)","GUARDIA
Guardia",,,,,,,,"ING-3ESO
3º ESO D
(AULA 3D)",,"ING-2ESO
2º ESO D
(AULA 2D)",,"ING-1ESO
1º ESO D
(AULA 1CD)","GUARDIA
Guardia","REUNIÓN
DEPING",,,,,,,"ING-1ESO
1º ESO A
(D1)","1 FPB ING
1FPB
(AULA FPB 1º)","ING-2ESO
2º ESO D
(AULA 2D)",,"DING-3ESO
3º ESO A
(DPTO ING)
3º ESO C
3º ESO B","TUT-2ESO
2º ESO D
(AULA 2D)",,,,,,,
Profesor13,"GUARDIA
Guardia","TIC-1BACH G2
1º BACH A
(INF1)
1º BACH C
1º BACH D",,,,,"REUNIÓN
DEPINF",,,,,,,,,,"Inf4ESO-G2
4º ESO B
(INF1)
4º ESO C",,"1 DAM PROG
1DAM/DAW
(IFC-1)",,,,,,,,,,"Inf4ESO-G2
4º ESO B
(INF1)
4º ESO C","1 DAM PROG
1DAM/DAW
(IFC-1)","1 DAM PROG
1DAM/DAW
(IFC-1)",,,,,,,,,"1 DAM PROG
1DAM/DAW
(IFC-1)","1 DAM PROG
1DAM/DAW
(IFC-1)",,,"TIC-1BACH G2
1º BACH A
(INF1)
1º BACH C
1º BACH D","GUARDIA
G. Biblio",,,,,,,,"1 DAM PROG
1DAM/DAW
(IFC-1)","1 DAM PROG
1DAM/DAW
(IFC-1)",,,,,,,,,,,
Profesor14,"Tec-4ESO-G2
4º ESO D
(TALLER TEC 1)","GUARDIA
G. Biblio",,"Tec-3ESO
3º ESO C
(TALLER TEC 1)","Tec-3ESO
3º ESO A
(TALLER TEC 1)","TEC-2ESO
2º ESO B
(TALLER TEC 1)",,,,,,,,"Tec-3ESO
3º ESO C
(TALLER TEC 1)","TECIND 1B G1
1º BACH A
(TALLER TEC 1)
1º BACH B","Tec-4ESO-G2
4º ESO D
(TALLER TEC 1)","Tec-3ESO
3º ESO B
(TALLER TEC 1)","GUARDIA
Guardia","TEC-2ESO
2º ESO B
(TALLER TEC 1)",,,,,,,,"TEC-2ESO
2º ESO C
(TALLER TEC 1)","TECIND 1B G1
1º BACH A
(TALLER TEC 1)
1º BACH B","GUARDIA
Guardia","REUNIÓN
DEPTEC","Tec-3ESO
3º ESO D
(TALLER TEC 1)","Tec-3ESO
3º ESO B
(TALLER TEC 1)",,,,,,,,"Tec-3ESO
3º ESO A
(TALLER TEC 1)","Tec-3ESO
3º ESO D
(TALLER TEC 1)","TECIND 1B G1
1º BACH A
(TALLER TEC 1)
1º BACH B","GUARDIA
Guardia",,,,,,,,,,"TEC-2ESO
2º ESO C
(TALLER TEC 1)","TECIND 1B G1
1º BACH A
(TALLER TEC 1)
1º BACH B","Tec-4ESO-G2
4º ESO D
(TALLER TEC 1)",,,,,,,,,,
Profesor15,,,"ING-2BACH
2º BACH B
(AULA 2BBach)",,,,,,,,,,,,,"ING-2BACH
2º BACH B
(AULA 2BBach)",,,,"PORTUGUES3-4
3º ESO A
(AULA 1B)
4º ESO D
3º ESO C
3º ESO B
3º ESO D
4º ESO A
4º ESO B
4º ESO C",,,,,,,,"REUNIÓN
R.Tut. Bach",,"DING-SIng4ES
4º ESO A
(DPTO ING)
4º ESO D
4º ESO B",,"ING-2BACH
2º BACH B
(AULA 2BBach)",,,,,,,,,,,,,,"REUNIÓN
DEPING",,,,,,,,,,,,,,,,,,,
Profesor16,"3PMAR- ACM
3ºD PMAR
(AULA 3D PMAR)","3PMAR- ACM
3ºD PMAR
(AULA 3D PMAR)","RMA - 2ESO
2º ESO C
(D1)","2PMAR - ACM
2ºD PMAR
(AULA 2D PMAR)","3PMAR-TUT
3ºD PMAR
(AULA 3D PMAR)",,,,,,,,,,"3PMAR- ACM
3ºD PMAR
(AULA 3D PMAR)","3PMAR- ACM
3ºD PMAR
(AULA 3D PMAR)","2PMAR - ACM
2ºD PMAR
(AULA 2D PMAR)","2PMAR - ACM
2ºD PMAR
(AULA 2D PMAR)",,,,,,,,,,"3PMAR- ACM
3ºD PMAR
(AULA 3D PMAR)",,"2PMAR - ACM
2ºD PMAR
(AULA 2D PMAR)","2PMAR - ACM
2ºD PMAR
(AULA 2D PMAR)",,,,,,,,,"2PMAR - ACM
2ºD PMAR
(AULA 2D PMAR)",,"3PMAR- ACM
3ºD PMAR
(AULA 3D PMAR)","3PMAR- ACM
3ºD PMAR
(AULA 3D PMAR)","REUNIÓN
R.PMAR",,"REUNIÓN
Coor.ORI",,,,,,,"2PMAR - ACM
2ºD PMAR
(AULA 2D PMAR)","2PMAR - ACM
2ºD PMAR
(AULA 2D PMAR)",,"3PMAR- ACM
3ºD PMAR
(AULA 3D PMAR)","3PMAR- ACM
3ºD PMAR
(AULA 3D PMAR)",,,,,,,,
Profesor17,,,"MAT-1ESO
1º ESO C
(AULA 1C)","MAT-2ESO
2º ESO A
(AULA 2A)","GUARDIA
Guardia","MAT-1ESO
1º ESO A
(AULA 1A)","REUNIÓN
DEPMAT",,,,,,,,"MAT-2ESO
2º ESO B
(AULA 2B)","REUNIÓN
R.Tut.ESO1-2","MAT-1ESO
1º ESO A
(AULA 1A)","MAT-1ESO
1º ESO C
(AULA 1C)","MAT-2ESO
2º ESO A
(AULA 2A)",,,,,,,,"MAT-1ESO
1º ESO A
(AULA 1A)","GUARDIA
Guardia",,"MAT-2ESO
2º ESO B
(AULA 2B)","MAT-2ESO
2º ESO A
(AULA 2A)","MAT-1ESO
1º ESO C
(AULA 1C)",,,,,,,,"MAT-1ESO
1º ESO C
(AULA 1C)","MAT-1ESO
1º ESO A
(AULA 1A)","MAT-2ESO
2º ESO B
(AULA 2B)",,,"TUT-1ESO
1º ESO C
(AULA 1C)",,,,,,,,,"MAT-2ESO
2º ESO B
(AULA 2B)","GUARDIA
Guardia","MAT-2ESO
2º ESO A
(AULA 2A)","MAT-1ESO
1º ESO A
(AULA 1A)","MAT-1ESO
1º ESO C
(AULA 1C)",,,,,,,
Profesor18,"2 DAW DIW
2DAW
(IFC-5)",,"DI
2DAM
(IFC-2)",,,,"REUNIÓN
DEPINF",,,,,,,,"2 DAW DIW
2DAW
(IFC-5)","2 DAW DIW
2DAW
(IFC-5)","DI
2DAM
(IFC-2)","DI
2DAM
(IFC-2)",,,,,,,,,"DI
2DAM
(IFC-2)","DI
2DAM
(IFC-2)","2 DAW DIW
2DAW
(IFC-5)","2 DAW DIW
2DAW
(IFC-5)",,,,,,,,,,"FCT DAW
FCT DAW
(IFC-FCT3)","FCT DAW
FCT DAW
(IFC-FCT3)","FCT DAW
FCT DAW
(IFC-FCT3)","FCT DAW
FCT DAW
(IFC-FCT3)","2 DAW DIW
2DAW
(IFC-5)","2 DAW DIW
2DAW
(IFC-5)",,,,,,,,,"REUNIÓN
R.Tut. CCFF","DI
2DAM
(IFC-2)","DI
2DAM
(IFC-2)",,,,,,,,,
Profesor19,,,,"2 DAW DWEC
2DAW
(IFC-5)","2 DAW DWEC
2DAW
(IFC-5)",,"REUNIÓN
DEPINF",,,,,,,,,"REUNIÓN
R.Tut.ESO1-2","2 DAW DWEC
2DAW
(IFC-5)","2 DAW DWEC
2DAW
(IFC-5)",,,,,,,,,,,,,"2 DAW DWEC
2DAW
(IFC-5)",,,,,,,,,,,"REUNIÓN
R.Tut.ESO3-4",,"REUNIÓN
R.PMAR","CCP
REUNIÓN
(BIBLIOTECA)",,,,,,,,,,"2 DAW DWEC
2DAW
(IFC-5)","2 DAW DWEC
2DAW
(IFC-5)",,,,,,,,,
Profesor20,"FRA1-1ESO
1º ESO D
(DPTO FRANCÉS)",,"FRA1-SFr3ESO
3º ESO A
(AULA 3B)
3º ESO B",,"FRA2-1ESO
1º ESO B
(AULA 1B)",,,,,,,,,"FRA1-1ESO
1º ESO D
(D5)","FRA2-1Bach
1º BACH A
(INF2)
1º BACH C
1º BACH D","REUNIÓN
DEPFR","REUNIÓN
SBF",,"FRA2-3ESO
3º ESO A
(INF1)
3º ESO D",,,,,,,,"FRA1-1ESO
1º ESO D
(D5)","FRA2-1Bach
1º BACH A
(DPTO FRANCÉS)
1º BACH C
1º BACH D",,,"FRA1-SFr3ESO
3º ESO A
(INF1)
3º ESO B",,,,,,,,,,,"FRA2-1Bach
1º BACH A
(AULA 1DBach)
1º BACH C
1º BACH D","FRA2-1ESO
1º ESO B
(AULA 1B)","FRA1-1ESO
1º ESO D
(D5)","CCP
REUNIÓN
(BIBLIOTECA)",,,,,,,,,"FRA2-1Bach
1º BACH A
(DPTO FRANCÉS)
1º BACH C
1º BACH D",,"GUARDIA
Guardia","FRA1-SFr3ESO
3º ESO A
(AULA 3B)
3º ESO B","FRA2-3ESO
3º ESO A
(AULA 3A)
3º ESO D",,,,,,,
Profesor21,"1 DAM BD
1DAM/DAW
(IFC-1)","1 DAM BD
1DAM/DAW
(IFC-1)",,,,,"REUNIÓN
DEPINF",,,,,,,"1 DAM BD
1DAM/DAW
(IFC-1)","1 DAM BD
1DAM/DAW
(IFC-1)",,,,,,,,,,,,,,,,,,,,,,,,,,,,,"1 DAM BD
1DAM/DAW
(IFC-1)","1 DAM BD
1DAM/DAW
(IFC-1)",,,,,,,,,"REUNIÓN
R.Tut. CCFF",,,,,,,,,,,
Profesor22,,"IAEE-4ESO-G1
4º ESO D
(AULA 4D)","GUARDIA
Guardia",,"ECO1Bach-G1
1º BACH C
(AULA 1CBach)
1º BACH D",,,,,,,,,"IAEE-4ESO-G1
4º ESO D
(INF2)","ECO1Bach-G2
1º BACH A
(AULA 1CBach)
1º BACH B
1º BACH C
1º BACH D","ECO1Bach-G1
1º BACH C
(AULA 1CBach)
1º BACH D",,"ECO-4ESO-G1
4º ESO B
(AULA 4C)
4º ESO C","IAEE-3ESO
3º ESO C
(AULA 3C)",,,,,,,,"ECO-4ESO-G1
4º ESO B
(AULA 4C)
4º ESO C","ECO1Bach-G2
1º BACH A
(AULA 1CBach)
1º BACH B
1º BACH C
1º BACH D","ECO1Bach-G1
1º BACH C
(AULA 1CBach)
1º BACH D","GUARDIA
Guardia",,"REUNIÓN
DEPECO",,,,,,,,,,"ECO1Bach-G2
1º BACH A
(AULA 1CBach)
1º BACH B
1º BACH C
1º BACH D",,"IAEE-4ESO-G1
4º ESO D
(AULA 4D)","CCP
REUNIÓN
(BIBLIOTECA)",,,,,,,,"ECO-4ESO-G1
4º ESO B
(AULA 4C)
4º ESO C","ECO1Bach-G2
1º BACH A
(AULA 1CBach)
1º BACH B
1º BACH C
1º BACH D","ECO1Bach-G1
1º BACH C
(AULA 1CBach)
1º BACH D","GUARDIA
G. Biblio","GUARDIA
Guardia","IAEE-3ESO
3º ESO C
(AULA 3C)",,,,,,,
Profesor23,,,,"REUNIÓN
DEPCN",,,,"BG-GEO-1BCN
1BN-MIXTO
(LAB CN)","ACT 2
Módulo II
(Aula-ESPA-II)","CC-1BNoc
1BN-MIXTO
(Aula-1BN-MIXTO)
1BN-HCS","BG-2BCN
2BN-MIXTO
(LAB CN)",,,,,,,,,,,"BG-2BCN
2BN-MIXTO
(LAB CN)","ACT 2
Módulo II
(Aula-ESPA-II)","ACT 2
Módulo II
(Aula-ESPA-II)","BG-GEO-1BCN
1BN-MIXTO
(LAB CN)",,,,,,,,,,"BG-GEO-1BCN
1BN-MIXTO
(LAB CN)","ACT 2
Módulo II
(Aula-ESPA-II)","ACT 2
Módulo II
(Aula-ESPA-II)","CC-1BNoc
1BN-MIXTO
(Aula-1BN-MIXTO)
1BN-HCS",,,,,,,,,,"ACT 2
Módulo II
(Aula-ESPA-II)","ACT 2
Módulo II
(Aula-ESPA-II)",,"BG-2BCN
2BN-MIXTO
(LAB CN)","GUARDIA
Guardia Noct",,,,,,,,,"ACT 2
Módulo II
(Aula-ESPA-II)","GUARDIA
G. BiblioNoc","BG-GEO-1BCN
1BN-MIXTO
(LAB CN)","BG-2BCN
2BN-MIXTO
(LAB CN)","GUARDIA
Guardia Noct"
Profesor24,,,,,,,"REUNIÓN
DEPINF",,,,,,,,,,,,,,,,,,,,,,,,,,,,,,,,,,,,,,,,,,,,,,,,,,,,,,,,,,
Profesor25,,,,,,,"REUNIÓN
DEPGH","HEs-2BNoc
2BN-MIXTO
(Aula-2BN-MIXTO)",,"GEOG-2BHCNoc
2BN-HCS
(Aula-2BN-HCS)
2BN-MIXTO","ASoc. 1
Módulo I
(Aula-ESPA-I)","ASoc. 2
Módulo II
(Aula-ESPA-II)","HEs-2BNoc
2BN-HCS
(Aula-2BN-HCS)",,,,,,,,"HEs-2BNoc
2BN-MIXTO
(Aula-2BN-MIXTO)","GUARDIA
Guardia Noct","ASoc. 1
Módulo I
(Aula-ESPA-I)",,"ASoc. 2
Módulo II
(Aula-ESPA-II)","HEs-2BNoc
2BN-HCS
(Aula-2BN-HCS)",,,,,,,,,"ASoc. 2
Módulo II
(Aula-ESPA-II)","ASoc. 1
Módulo I
(Aula-ESPA-I)","GUARDIA
Guardia Noct","HEs-2BNoc
2BN-HCS
(Aula-2BN-HCS)","GEOG-2BHCNoc
2BN-HCS
(Aula-2BN-HCS)
2BN-MIXTO",,,,,,,,,,"HEs-2BNoc
2BN-MIXTO
(Aula-2BN-MIXTO)","ASoc. 2
Módulo II
(Aula-ESPA-II)","ASoc. 1
Módulo I
(Aula-ESPA-I)","GEOG-2BHCNoc
2BN-HCS
(Aula-2BN-HCS)
2BN-MIXTO",,,,,,,,"HEs-2BNoc
2BN-MIXTO
(Aula-2BN-MIXTO)","HEs-2BNoc
2BN-HCS
(Aula-2BN-HCS)",,,,"GEOG-2BHCNoc
2BN-HCS
(Aula-2BN-HCS)
2BN-MIXTO"
Profesor26,,,,,,,,,,,,,,"FIL-1BACH
1º BACH B
(AULA 1BBach)","HªFIL-2BACH
2º BACH D
(AULA 2DBach)",,"FIL-1BACH
1º BACH D
(AULA 1DBach)",,,,,,,,,,"FIL-1BACH
1º BACH B
(AULA 1BBach)",,"HªFIL-2BACH
2º BACH D
(AULA 2DBach)","REUNIÓN
DEPFIL",,"FIL-1BACH
1º BACH D
(AULA 1DBach)",,,,,,,,"FIL-1BACH
1º BACH D
(AULA 1DBach)",,,"GUARDIA
Guardia",,"FIL-1BACH
1º BACH B
(AULA 1BBach)",,,,,,,,,,,,,"HªFIL-2BACH
2º BACH D
(AULA 2DBach)",,,,,,,
Profesor27,,,"EF-3ESO
3º ESO D
(PATIO 1)
3ºD PMAR","EF-1ESO
1º ESO B
(PATIO 1)
1º ESO C",,"EF-2ESO
2º ESO C
(PATIO 1)
2º ESO D",,"GUARDIA
Guardia Noct","EF-1BNoc
1BN-MIXTO
(GIMNASIO)
1BN-HCS",,,,,,,,,,,,,,,,,,,"EF-2ESO
2º ESO C
(PATIO 1)
2º ESO D",,"EF-1ESO
1º ESO B
(PATIO 1)
1º ESO C","REUNIÓN
DEPEF","EF-3ESO
3º ESO D
(PATIO 2)
3ºD PMAR",,"EF-1BNoc
1BN-MIXTO
(GIMNASIO)
1BN-HCS",,,"AFDO-2BNoc
2BN-HCS
(GIMNASIO)
2BN-MIXTO",,,,,,,,,,,,,,,,,,,,,,,,,,,,
Profesor28,"EPVA-SIng-1E
1º ESO A
(AULA DIB 1)","EPVA-SIng-1E
1º ESO B
(AULA DIB 1)
1º ESO C",,,,,,,,,,,,"EPVA-SIng-3E
3º ESO A
(AULA DIB 1)
3º ESO B","Dib Tec2Bac
2º BACH A
(AULA DIB 1)
2º BACH B","EPV(A)-4ESO
4ºPRAGE
(AULA DIB 1)","REUNIÓN
DEPDIB",,,,,,,,,,"GUARDIA
Guardia","EPV(A)-3ESO
3º ESO C
(AULA DIB 1)","GUARDIA
Guardia","EPVA-SIng-1E
1º ESO A
(AULA DIB 1)","Dib Tec2Bac
2º BACH A
(AULA DIB 1)
2º BACH B","EPV(A)-4ESO
4ºPRAGE
(AULA DIB 1)",,,,,,,,,"Dib Tec2Bac
2º BACH A
(AULA DIB 1)
2º BACH B","EPV(A)-1ESO
1º ESO D
(AULA DIB 1)",,"EPVA-SIng-3E
3º ESO A
(AULA DIB 1)
3º ESO B","EPV(A)-4ESO
4ºPRAGE
(AULA DIB 1)",,,,,,,,"EPV(A)-3ESO
3º ESO C
(AULA DIB 1)","REUNIÓN
SBI","Dib Tec2Bac
2º BACH A
(AULA DIB 1)
2º BACH B",,"EPVA-SIng-1E
1º ESO B
(AULA DIB 1)
1º ESO C","EPV(A)-1ESO
1º ESO D
(AULA DIB 1)",,,,,,,
Profesor29,,"GH-3ESO
3º ESO A
(AULA 3A)",,,"GEO2BACH-G1
2º BACH D
(AULA 2DBach)",,"REUNIÓN
DEPGH",,,,,,,,,"GEO2BACH-G1
2º BACH D
(AULA 2DBach)",,,,,,,,,,,,"REUNIÓN
R.Tut. Bach","GH-3ESO
3º ESO A
(AULA 3A)","GEO2BACH-G1
2º BACH D
(AULA 2DBach)",,,,,,,,,,,,,,,,,,,,,,,,"GEO2BACH-G1
2º BACH D
(AULA 2DBach)",,"GH-3ESO
3º ESO A
(AULA 3A)",,,,,,,,,
Profesor30,,"BG-3ESO
3º ESO C
(AULA 3C)",,"REUNIÓN
DEPCN","BIOLGEO-1BACH
1º BACH A
(AULA 1ABach)","1 FPB CA
1FPB
(AULA FPB 1º)",,,,,,,,"1 FPB CA
1FPB
(AULA FPB 1º)","LAB_AA-1Bach
1º BACH A
(LAB CN)","BG-3ESO
3º ESO B
(AULA 3B)","CC-4ESO
4º ESO A
(AULA 4D)
4º ESO D
4º ESO C",,,,,,,,,,"BIOLGEO-1BACH
1º BACH A
(AULA 1ABach)","REUNIÓN
R.Tut. Bach","CC-4ESO
4º ESO A
(AULA 4D)
4º ESO D
4º ESO C","BG-3ESO
3º ESO C
(AULA 3C)","GUARDIA
Guardia","1 FPB CA
1FPB
(AULA FPB 1º)",,,,,,,,"1 FPB CA
1FPB
(AULA FPB 1º)","GUARDIA
Guardia","BG-3ESO
3º ESO B
(AULA 3B)",,"BG-3ESO
3º ESO C
(AULA 3C)","BIOLGEO-1BACH
1º BACH A
(AULA 1ABach)",,,,,,,,,"BG-3ESO
3º ESO B
(AULA 3B)","1 FPB CA
1FPB
(AULA FPB 1º)",,"GUARDIA
Guardia","BIOLGEO-1BACH
1º BACH A
(AULA 1ABach)",,,,,,,
Profesor31,"HMC1BachG1
1º BACH C
(AULA 1CBach)","GH-4ESO
4º ESO C
(AULA 4C)","GUARDIA
Guardia","GEO2BACH-G2
2º BACH C
(AULA 2CBach)
2º BACH D","GH-3ESO
3º ESO C
(AULA 3C)","GH-2ESO
2º ESO A
(AULA 2A)","REUNIÓN
DEPGH",,,,,,,"HMC1BachG1
1º BACH C
(AULA 1CBach)","GUARDIA
Guardia","REUNIÓN
R.Tut.ESO1-2","GH-2ESO
2º ESO A
(AULA 2A)","GEO2BACH-G2
2º BACH C
(AULA 2CBach)
2º BACH D",,,,,,,,,"GEO2BACH-G2
2º BACH C
(AULA 2CBach)
2º BACH D","GH-4ESO
4º ESO C
(AULA 4C)","GUARDIA
Guardia","GH-2ESO
2º ESO A
(AULA 2A)","HMC1BachG1
1º BACH C
(AULA 1CBach)",,,,,,,,,"HMC1BachG1
1º BACH C
(AULA 1CBach)","GEO2BACH-G2
2º BACH C
(AULA 2CBach)
2º BACH D","GH-3ESO
3º ESO C
(AULA 3C)","GH-4ESO
4º ESO C
(AULA 4C)",,,,,,,,,,,,"GH-2ESO
2º ESO A
(INF1)","GH-3ESO
3º ESO C
(AULA 3C)",,"TUT-2ESO
2º ESO A
(AULA 2A)",,,,,,,
Profesor32,,"GH-SBFr-3ESO
3º ESO A
(AULA 3B)
3º ESO B",,"GH-SBFr-4ESO
4º ESO A
(AULA 4B)
4º ESO D
4º ESO B","HªESP-2BACH
2º BACH B
(AULA 2BBach)","GUARDIA
Guardia","REUNIÓN
DEPGH",,,,,,,,"GH-1ESO
1º ESO C
(AULA 1C)","REUNIÓN
R.Tut.ESO1-2","REUNIÓN
SBF","GH-1ESO
1º ESO B
(AULA 1B)","HªESP-2BACH
2º BACH B
(AULA 2BBach)",,,,,,,,"HªESP-2BACH
2º BACH B
(AULA 2BBach)","GH-1ESO
1º ESO C
(AULA 1C)","GH-SBFr-3ESO
3º ESO A
(AULA 3B)
3º ESO B",,,"GH-SBFr-4ESO
4º ESO A
(AULA 4B)
4º ESO D
4º ESO B",,,,,,,,"GUARDIA
Guardia","GH-1ESO
1º ESO B
(AULA 1B)","GH-SBFr-4ESO
4º ESO A
(AULA 4B)
4º ESO D
4º ESO B","HªESP-2BACH
2º BACH B
(AULA 2BBach)",,"TUT-1ESO
1º ESO B
(AULA 1B)",,,,,,,,"GH-1ESO
1º ESO B
(AULA 1B)","GH-1ESO
1º ESO C
(AULA 1C)",,"GH-SBFr-3ESO
3º ESO A
(AULA 3B)
3º ESO B",,,,,,,,,
Profesor33,,,,,,,"REUNIÓN
DEPINF","1 ASIR GBD
1ASIR
(IFC-1)","1 ASIR GBD
1ASIR
(IFC-1)","GUARDIA
Guardia Noct",,,,,,,,,,,"1ASIR LM
1ASIR
(IFC-1)","1ASIR LM
1ASIR
(IFC-1)","IAW
2ASIR
(IFC-2)","IAW
2ASIR
(IFC-2)",,,,,,,,,,"IAW
2ASIR
(IFC-2)",,"1 ASIR GBD
1ASIR
(IFC-1)","1 ASIR GBD
1ASIR
(IFC-1)","ASGBD
2ASIR
(IFC-2)","ASGBD
2ASIR
(IFC-2)",,,,,,,,"1 ASIR GBD
1ASIR
(IFC-1)","1 ASIR GBD
1ASIR
(IFC-1)","GUARDIA
G. BiblioNoc","GUARDIA
Guardia Noct","1ASIR LM
1ASIR
(IFC-1)","1ASIR LM
1ASIR
(IFC-1)",,,,,,,,,,"ASGBD
2ASIR
(IFC-2)","ASGBD
2ASIR
(IFC-2)","IAW
2ASIR
(IFC-2)","IAW
2ASIR
(IFC-2)"
Profesor34,,"LCL-4ESO
4º ESO B
(AULA 4B)","LCL-2BACH
2º BACH D
(AULA 2DBach)",,"LCL-4ESO
4º ESO A
(AULA 4A)","LCL-1BACH
1º BACH C
(AULA 1CBach)",,,,,,,,"LCL-4ESO
4º ESO A
(AULA 4A)",,"LCL-4ESO
4º ESO B
(AULA 4B)","LCL-2BACH
2º BACH B
(AULA 2BBach)","LCL-1BACH
1º BACH C
(AULA 1CBach)","GUARDIA
Guardia",,,,,,,,"LCL-1BACH
1º BACH C
(AULA 1CBach)","LCL-4ESO
4º ESO A
(AULA 4A)",,"LCL-2BACH
2º BACH B
(AULA 2BBach)",,"LCL-2BACH
2º BACH D
(AULA 2DBach)",,,,,,,,"LCL-2BACH
2º BACH D
(AULA 2DBach)","LCL-1BACH
1º BACH C
(AULA 1CBach)","GUARDIA
Guardia",,"LCL-4ESO
4º ESO B
(AULA 4B)","LCL-2BACH
2º BACH B
(AULA 2BBach)","REUNIÓN
DEPLCL",,,,,,,,"LCL-4ESO
4º ESO B
(AULA 4B)","LCL-4ESO
4º ESO A
(AULA 4A)","LCL-2BACH
2º BACH D
(AULA 2DBach)","LCL-2BACH
2º BACH B
(AULA 2BBach)",,,,,,,,
Profesor35,"ING1-SIng-1E
1º ESO B
(AULA 1B)
1º ESO C","ING-2ESO
2ºD PMAR
(AULA 2D PMAR)",,"ING-1BACH
1º BACH D
(AULA 1DBach)",,,,,,,,,,"ING1-SIng-1E
1º ESO B
(AULA 1B)
1º ESO C","GUARDIA
Guardia",,"ING2-4ESO
4º ESO A
(AULA 4B)
4º ESO B","ING-1BACH
1º BACH D
(AULA 1DBach)","ING-2ESO
2º ESO C
(Aula - 2CD)
2º ESO D",,,,,,,,"ING1-SIng-1E
1º ESO B
(INF1)
1º ESO C","REUNIÓN
R.Tut. Bach","ING2-4ESO
4º ESO A
(AULA 4B)
4º ESO B",,"ING-2ESO
2º ESO C
(Aula - 2CD)
2º ESO D","ING-2ESO
2ºD PMAR
(AULA 2D PMAR)",,,,,,,,,,"ING-2ESO
2º ESO C
(Aula - 2CD)
2º ESO D",,"ING1-SIng-1E
1º ESO B
(AULA 1B)
1º ESO C","ING-2ESO
2ºD PMAR
(AULA 2D PMAR)","REUNIÓN
DEPING",,,,,,,,"REUNIÓN
SBI","ING-2ESO
2º ESO C
(Aula - 2CD)
2º ESO D","ING-1BACH
1º BACH D
(AULA 1DBach)","GUARDIA
Guardia","ING-2ESO
2ºD PMAR
(AULA 2D PMAR)",,,,,,,
Profesor36,,,,,,"EF-2ESO
2º ESO D
(PATIO 2)
2ºD PMAR",,,,,,,,,,,"EF-3ESO
3º ESO C
(PATIO 1)
3ºC PMAR",,,,,,,,,,,"EF-2ESO
2º ESO D
(PATIO 2)
2ºD PMAR","EF-1ESO
1º ESO D
(GIMNASIO)",,"REUNIÓN
DEPEF",,,,,,,,,,,,"EF-4ESO
4º ESO D
(PATIO 2)",,,,,,,,,,,,"EF-3ESO
3º ESO C
(GIMNASIO)
3ºC PMAR","EF-1ESO
1º ESO D
(GIMNASIO)","EF-4ESO
4º ESO D
(PATIO 2)",,,,,,,,
Profesor37,,,,"2 FPB IMR
2FPB
(AULA FPB 2º)","2 FPB IMR
2FPB
(AULA FPB 2º)",,"REUNIÓN
DEPINF",,,,,,,,,"2 FPB IMR
2FPB
(AULA FPB 2º)","2 FPB IMR
2FPB
(AULA FPB 2º)",,,,,,,,,,,,,"2 FPB IMR
2FPB
(AULA FPB 2º)","2 FPB IMR
2FPB
(AULA FPB 2º)",,,,,,,,,,,"2 FPB IMR
2FPB
(AULA FPB 2º)","2 FPB IMR
2FPB
(AULA FPB 2º)",,,,,,,,,,,"REUNIÓN
R.Tut. CCFF",,,,,,,,,,,
Profesor38,"MUS-2ESO
2º ESO D
(Aula - 2CD)",,"MUS-4ESO
4º ESO A
(AULA MÚSICA)
4º ESO D
4º ESO B
4º ESO C","REUNIÓN
DEPMUS","GUARDIA
Guardia","MUS-1ESO
1º ESO D
(AULA 1CD)",,,,,,,,"GUARDIA
Guardia","MUS-1ESO
1º ESO B
(AULA 1B)","MUS-2ESO-SBI
2º ESO C
(AULA MÚSICA)","MUS-1ESO
1º ESO C
(AULA MÚSICA)",,"MUS-4ESO
4º ESO A
(AULA MÚSICA)
4º ESO D
4º ESO B
4º ESO C",,,,,,,,,"MUS-1ESO
1º ESO B
(AULA 1B)","2PMAR - MUS
2ºD PMAR
(AULA 2D PMAR)",,"MUS-4ESO
4º ESO A
(AULA MÚSICA)
4º ESO D
4º ESO B
4º ESO C",,,,,,,,,"MUS-2ESO-SBI
2º ESO C
(AULA MÚSICA)","MUS-2ESO
2º ESO D
(Aula - 2CD)","GUARDIA
Guardia","MUS-2ESO-SBI
2º ESO A
(AULA MÚSICA)
2º ESO B","2PMAR - MUS
2ºD PMAR
(AULA 2D PMAR)",,,,,,,,,"MUS-2ESO-SBI
2º ESO A
(AULA MÚSICA)
2º ESO B","REUNIÓN
SBI","MUS-1ESO
1º ESO C
(AULA MÚSICA)","MUS-1ESO
1º ESO A
(AULA MÚSICA)","MUS-1ESO
1º ESO D
(AULA 1CD)",,,,,,,,
Profesor39,,"ED-DH - 2ESO
2º ESO C
(D5)","CClasic-4ESO
4º ESO A
(AULA 4A)
4º ESO D
4º ESO B
4º ESO C","3PMAR-ALS
3ºC PMAR
(AULA 3C PMAR)",,,,,,,,,,,"3PMAR-ALS
3ºC PMAR
(AULA 3C PMAR)","3PMAR-ALS
3ºC PMAR
(AULA 3C PMAR)","REUNIÓN
DEPLAT",,"CClasic-4ESO
4º ESO A
(AULA 4A)
4º ESO D
4º ESO B
4º ESO C",,"LAT-1BHCNoc
1BN-MIXTO
(Aula-1BN-HCS)
1BN-HCS","GUARDIA
G. BiblioNoc","LAT-1BHCNoc
2BN-HCS
(Aula-2BN-HCS)
2BN-MIXTO",,,,,"3PMAR-ALS
3ºC PMAR
(AULA 3C PMAR)","3PMAR-ALS
3ºC PMAR
(AULA 3C PMAR)",,"CClasic-4ESO
4º ESO A
(AULA 4A)
4º ESO D
4º ESO B
4º ESO C",,,"LAT-1BHCNoc
2BN-HCS
(Aula-2BN-HCS)
2BN-MIXTO","GUARDIA
G. BiblioNoc","LAT-1BHCNoc
1BN-MIXTO
(Aula-1BN-HCS)
1BN-HCS",,,,,,,,,"3PMAR-ALS
3ºC PMAR
(AULA 3C PMAR)",,"LAT-1BHCNoc
2BN-HCS
(Aula-2BN-HCS)
2BN-MIXTO","GUARDIA
Guardia Noct","LAT-1BHCNoc
1BN-MIXTO
(Aula-1BN-HCS)
1BN-HCS",,,,,,,,,"3PMAR-ALS
3ºC PMAR
(AULA 3C PMAR)",,"LAT-1BHCNoc
1BN-MIXTO
(Aula-1BN-HCS)
1BN-HCS","GUARDIA
Guardia Noct","LAT-1BHCNoc
2BN-HCS
(Aula-2BN-HCS)
2BN-MIXTO",,,
Profesor40,"LCL-2ESO
2º ESO C
(AULA 2C)","LCL-1ESO
1º ESO D
(AULA 1D)",,"LCL-2ESO
2º ESO B
(AULA 2B)",,"LCL-1ESO
1º ESO C
(INF1)",,,,,,,,,"LCL-2ESO
2º ESO C
(AULA 2C)","REUNIÓN
R.Tut.ESO1-2",,"LCL-1ESO
1º ESO D
(AULA 1D)","LCL-1ESO
1º ESO C
(AULA 1C)",,,,,,,,,,,"LCL-1ESO
1º ESO D
(AULA 1D)","LCL-1ESO
1º ESO C
(AULA 1C)","LCL-2ESO
2º ESO B
(AULA 2B)",,,,,,,,"LCL-1ESO
1º ESO D
(AULA 1D)","LCL-2ESO
2º ESO C
(AULA 2C)","LCL-1ESO
1º ESO C
(AULA 1C)",,,"LCL-2ESO
2º ESO B
(AULA 2B)","REUNIÓN
DEPLCL",,,,,,,"LCL-1ESO
1º ESO C
(AULA 1C)","LCL-1ESO
1º ESO D
(AULA 1D)","LCL-2ESO
2º ESO B
(AULA 2B)","LCL-2ESO
2º ESO C
(AULA 2C)","GUARDIA
Guardia","TUT-2ESO
2º ESO B
(AULA 2B)",,,,,,,
Profesor41,,,"GUARDIA
Guardia","LCL-4ESO
4ºPRAGE
(AULA 4-PRAGE)","2PMAR- ALS
2ºD PMAR
(AULA 2D PMAR)","3PMAR-ALS
3ºD PMAR
(AULA 3D PMAR)",,,,,,,,"LCL-4ESO
4ºPRAGE
(AULA 4-PRAGE)","2PMAR- ALS
2ºD PMAR
(AULA 2D PMAR)","2PMAR- ALS
2ºD PMAR
(AULA 2D PMAR)","GUARDIA
Guardia","3PMAR-ALS
3ºD PMAR
(AULA 3D PMAR)","TUT-2ESO
2ºD PMAR
(AULA 2D PMAR)",,,,,,,,"2PMAR- ALS
2ºD PMAR
(AULA 2D PMAR)","LCL-4ESO
4ºPRAGE
(AULA 4-PRAGE)","3PMAR-ALS
3ºD PMAR
(AULA 3D PMAR)",,,,,,,,,,,"3PMAR-ALS
3ºD PMAR
(AULA 3D PMAR)","3PMAR-ALS
3ºD PMAR
(AULA 3D PMAR)","2PMAR- ALS
2ºD PMAR
(AULA 2D PMAR)",,"REUNIÓN
R.PMAR",,"REUNIÓN
Coor.ORI",,,,,,,"LCL-4ESO
4ºPRAGE
(AULA 4-PRAGE)","3PMAR-ALS
3ºD PMAR
(AULA 3D PMAR)","3PMAR-ALS
3ºD PMAR
(AULA 3D PMAR)","2PMAR- ALS
2ºD PMAR
(AULA 2D PMAR)","2PMAR- ALS
2ºD PMAR
(AULA 2D PMAR)","GUARDIA
Guardia",,,,,,,
Profesor42,,,,,"GH-2ESO
2º ESO D
(Aula - 2CD)","HMC1BachG1
1º BACH D
(AULA 1DBach)","REUNIÓN
DEPGH",,,,"HAr-2BHNoc
2BN-HCS
(Aula-2BN-HCS)
2BN-MIXTO","HMC-1BHCNoc
1BN-MIXTO
(Aula-1BN-HCS)
1BN-HCS",,,,,"GH-2ESO
2º ESO D
(Aula - 2CD)","GH-2ESO
2º ESO C
(DPTO GH)",,,,"HAr-2BHNoc
2BN-HCS
(Aula-2BN-HCS)
2BN-MIXTO",,"HMC-1BHCNoc
1BN-MIXTO
(Aula-1BN-HCS)
1BN-HCS","GUARDIA
Guardia Noct",,,,,"GH-2ESO
2º ESO C
(DPTO GH)","HMC1BachG1
1º BACH D
(AULA 1DBach)","GUARDIA
Guardia",,,,,,,,,,,"GH-2ESO
2º ESO D
(Aula - 2CD)","GH-2ESO
2º ESO C
(DPTO GH)","HMC1BachG1
1º BACH D
(AULA 1DBach)",,,,,"HMC-1BHCNoc
1BN-MIXTO
(Aula-1BN-HCS)
1BN-HCS","HAr-2BHNoc
2BN-HCS
(Aula-2BN-HCS)
2BN-MIXTO",,,,,"GH-2ESO
2º ESO D
(Aula - 2CD)","GH-2ESO
2º ESO C
(DPTO GH)","HMC1BachG1
1º BACH D
(AULA 1DBach)",,,"HMC-1BHCNoc
1BN-MIXTO
(Aula-1BN-HCS)
1BN-HCS",,,"HAr-2BHNoc
2BN-HCS
(Aula-2BN-HCS)
2BN-MIXTO",
Profesor43,"HªESP-2BACH
2º BACH D
(AULA 2DBach)",,,"GH-SBIn-4ESO
4º ESO A
(AULA 4A)
4º ESO D
4º ESO B","GH-2ESO
2º ESO D
(AULA 2D)",,"REUNIÓN
DEPGH",,,,,,,"HªESP-2BACH
2º BACH D
(AULA 2DBach)",,"LCL-1ESO
1º ESO B
(AULA 1B)","GH-2ESO
2º ESO D
(AULA 2D)","GH-2ESO
2º ESO C
(AULA 2C)",,,,,,,,,,"REUNIÓN
R.Tut. Bach",,"GH-2ESO
2º ESO C
(AULA 2C)","GUARDIA
Guardia","GH-SBIn-4ESO
4º ESO A
(INF2)
4º ESO D
4º ESO B",,,,,,,,,,"GH-SBIn-4ESO
4º ESO A
(AULA 4A)
4º ESO D
4º ESO B","GH-2ESO
2º ESO D
(AULA 2D)","GH-2ESO
2º ESO C
(AULA 2C)","HªESP-2BACH
2º BACH D
(AULA 2DBach)",,,,,,,,"GUARDIA
Guardia","REUNIÓN
SBI","HªESP-2BACH
2º BACH D
(AULA 2DBach)","GH-2ESO
2º ESO D
(AULA 2D)","GH-2ESO
2º ESO C
(AULA 2C)",,,,,,,,
Profesor44,"3PMAR- ACM
3ºC PMAR
(AULA 3C PMAR)","3PMAR- ACM
3ºC PMAR
(AULA 3C PMAR)","GUARDIA
Guardia",,"MAT-2ESO
2º ESO C
(AULA 2C)","2 FPB CA
2FPB
(AULA FPB 2º)","REUNIÓN
DEPMAT",,,,,,,"MAT-2ESO
2º ESO C
(AULA 2C)","2 FPB CA
2FPB
(AULA FPB 2º)","REUNIÓN
R.Tut.ESO1-2","GUARDIA
Guardia","3PMAR- ACM
3ºC PMAR
(AULA 3C PMAR)","3PMAR- ACM
3ºC PMAR
(AULA 3C PMAR)",,,,,,,,"2 FPB CA
2FPB
(AULA FPB 2º)",,"MAT-2ESO
2º ESO C
(AULA 2C)","3PMAR- ACM
3ºC PMAR
(AULA 3C PMAR)","3PMAR- ACM
3ºC PMAR
(AULA 3C PMAR)",,,,,,,,,"2 FPB CA
2FPB
(AULA FPB 2º)","3PMAR- ACM
3ºC PMAR
(AULA 3C PMAR)","3PMAR- ACM
3ºC PMAR
(AULA 3C PMAR)","MAT-2ESO
2º ESO C
(AULA 2C)",,,,,,,,,,"GUARDIA
Guardia","3PMAR- ACM
3ºC PMAR
(AULA 3C PMAR)","2 FPB CA
2FPB
(AULA FPB 2º)",,,"TUT-2ESO
2º ESO C
(AULA 2C)",,,,,,,
Profesor45,"LAT-1BACH
1º BACH D
(AULA 1DBach)",,"LCL-1ESO
1º ESO A
(AULA 1A)",,"LI-1Bach-G1
1º BACH C
(AULA 1DBach)
1º BACH D","GUARDIA
G. Biblio",,,,,,,,"LAT-1BACH
1º BACH D
(AULA 1DBach)","LCL-1ESO
1º ESO A
(AULA 1A)","LI-1Bach-G1
1º BACH C
(AULA 1DBach)
1º BACH D",,,,,,,,,,,"LAT-1BACH
1º BACH D
(AULA 1DBach)","GUARDIA
G. Biblio","LI-1Bach-G1
1º BACH C
(AULA 1DBach)
1º BACH D",,"LCL-1ESO
1º ESO A
(AULA 1A)",,,,,,,,,,,"LCL-1ESO
1º ESO A
(AULA 1A)","LAT-1BACH
1º BACH D
(AULA 1DBach)","GUARDIA
G. Biblio","CCP
REUNIÓN
(BIBLIOTECA)","REUNIÓN
DEPLCL",,,,,,,,,"LI-1Bach-G1
1º BACH C
(AULA 1DBach)
1º BACH D",,"GUARDIA
G. Biblio","LCL-1ESO
1º ESO A
(AULA 1A)",,,,,,,
Profesor46,,,,,,,"REUNIÓN
DEPINF","SAD
2ASIR
(IFC-2)","SAD
2ASIR
(IFC-2)","TIC-1BNoc
1BN-MIXTO
(INF1)
1BN-HCS",,"TIC-2BNoc
2BN-HCS
(INF1)
2BN-MIXTO",,,,,,"SEG
1SMR
(IFC-3)","SEG
1SMR
(IFC-3)",,"GUARDIA
Guardia Noct","SAD
2ASIR
(IFC-2)","GUARDIA
G. BiblioNoc","TIC-2BNoc
2BN-HCS
(INF1)
2BN-MIXTO",,,,,,,"SEG
1SMR
(IFC-3)","SEG
1SMR
(IFC-3)",,"1 ASIR FOL
1ASIR
(IFC-1)","SAD
2ASIR
(IFC-2)","GUARDIA
Guardia Noct",,"TIC-1BNoc
1BN-MIXTO
(INF1)
1BN-HCS",,,,,,,,,,"TIC-2BNoc
2BN-HCS
(INF1)
2BN-MIXTO","1 ASIR FOL
1ASIR
(IFC-1)","GUARDIA
G. BiblioNoc",,,,,,,"SEG
1SMR
(IFC-3)","SEG
1SMR
(IFC-3)",,"1 ASIR FOL
1ASIR
(IFC-1)",,,,,
Profesor47,,,"AO
1SMR
(IFC-3)","AO
1SMR
(IFC-3)","MME
2SMR
(IFC-4)","MME
2SMR
(IFC-4)","REUNIÓN
DEPINF",,,,,,,,,"AO
1SMR
(IFC-3)","Inf4ESO-G1
4º ESO A
(INF2)
4º ESO D","MME
2SMR
(IFC-4)","MME
2SMR
(IFC-4)",,,,,,,,"AO
1SMR
(IFC-3)","AO
1SMR
(IFC-3)","Inf4ESO-G1
4º ESO A
(INF2)
4º ESO D",,"MME
2SMR
(IFC-4)","MME
2SMR
(IFC-4)",,,,,,,,"AO
1SMR
(IFC-3)","AO
1SMR
(IFC-3)",,"GUARDIA
G. Biblio",,"MME
2SMR
(IFC-4)",,,,,,,,,"REUNIÓN
R.Tut. CCFF","AO
1SMR
(IFC-3)","AO
1SMR
(IFC-3)",,"MME
2SMR
(IFC-4)",,,,,,,
Profesor48,,,,,,"2 DAW EIE
2DAW
(IFC-2)
2DAM",,,,,,,,"2 DAW EIE
2DAW
(IFC-2)
2DAM",,"EIE
2SMR
(IFC-4)","FOL
1SMR
(IFC-3)",,,,,,,,,,,,,"FOL
1SMR
(IFC-3)","GUARDIA
Guardia","2 DAW EIE
2DAW
(IFC-2)
2DAM",,,,,,,,"EIE
2SMR
(IFC-4)",,"FOL
1SMR
(IFC-3)","REUNIÓN
R.ORI-FOL",,"CCP
REUNIÓN
(BIBLIOTECA)",,,,,,,,"GUARDIA
Guardia",,"EIE
2SMR
(IFC-4)",,,,,,,,,,
Profesor49,,,,"MAT-1ESO
1º ESO D
(AULA 1CD)",,,,,,,,,,"GUARDIA
Guardia","MAT-2ESO
2º ESO D
(Aula - 2CD)","MAT-1ESO
1º ESO D
(AULA 1CD)","RMA-1ESO-G2
1º ESO D
(AULA 1CD)",,,,,,,,,,"MAT-2ESO
2º ESO D
(Aula - 2CD)","MAT-1ESO
1º ESO D
(AULA 1CD)",,,"RMA-1ESO-G1
1º ESO D
(AULA 1CD)",,,,,,,,,"MAT-2ESO
2º ESO D
(Aula - 2CD)","MAT-1ESO
1º ESO D
(AULA 1CD)","GUARDIA
G. Biblio",,"GUARDIA
Guardia","RMA - 2ESO
2º ESO D
(Aula - 2CD)","REUNIÓN
Coor.ORI",,,,,,,,,"MAT-1ESO
1º ESO D
(AULA 1CD)",,"MAT-2ESO
2º ESO D
(Aula - 2CD)","GUARDIA
Guardia",,,,,,,
Profesor50,,,"MatCCSS1B-G1
1º BACH C
(AULA 1CBach)","MAT.AC-4ESO
4º ESO C
(AULA 4C)","Mat-AP4ESO
4º ESO D
(AULA 4D)","GUARDIA
Guardia","REUNIÓN
DEPMAT",,,,,,,"MAT.AC-4ESO
4º ESO C
(AULA 4C)",,,"Mat 1Bach G1
1º BACH A
(AULA 1ABach)",,,,,,,,,,"GUARDIA
Guardia","Mat-AP4ESO
4º ESO D
(AULA 4D)","Mat 1Bach G1
1º BACH A
(AULA 1ABach)","MatCCSS1B-G1
1º BACH C
(AULA 1CBach)",,,,,,,,,,"Mat-AP4ESO
4º ESO D
(AULA 4D)","Mat 1Bach G1
1º BACH A
(AULA 1ABach)",,"MatCCSS1B-G1
1º BACH C
(AULA 1CBach)","MAT.AC-4ESO
4º ESO C
(AULA 4C)","CCP
REUNIÓN
(BIBLIOTECA)",,,,,,,,"Mat-AP4ESO
4º ESO D
(AULA 4D)","GUARDIA
G. Biblio","MAT.AC-4ESO
4º ESO C
(AULA 4C)","MatCCSS1B-G1
1º BACH C
(AULA 1CBach)","Mat 1Bach G1
1º BACH A
(AULA 1ABach)",,,,,,,,
Profesor51,"GUARDIA
G. Biblio","FQ-2ESO
2º ESO D
(Aula - 2CD)","BG-1ESO
1º ESO D
(AULA 1CD)",,"GH-1ESO
1º ESO D
(AULA 1CD)",,,,,,,,,"FQ-2ESO
2º ESO D
(Aula - 2CD)",,,"RLE-1ESO-G1
1º ESO D
(D5)",,"GH-1ESO
1º ESO D
(AULA 1CD)",,,,,,,,,,,"FQ-2ESO
2º ESO D
(Aula - 2CD)","RLE-1ESO-G2
1º ESO D
(D1)","BG-1ESO
1º ESO D
(AULA 1CD)",,,,,,,,,,,"BG-1ESO
1º ESO D
(AULA 1CD)",,"GUARDIA
Guardia","REUNIÓN
Coor.ORI",,,,,,,"GH-1ESO
1º ESO D
(AULA 1CD)","GUARDIA
Guardia",,"GUARDIA
Guardia",,,,,,,,,
Profesor52,,"2 DAW DWES
2DAW
(IFC-5)","2 DAW DWES
2DAW
(IFC-5)",,"RL
1SMR
(IFC-3)","RL
1SMR
(IFC-3)","REUNIÓN
DEPINF",,,,,,,"RL
1SMR
(IFC-3)","RL
1SMR
(IFC-3)",,,,,,,,,,,,"2 DAW DWES
2DAW
(IFC-5)","2 DAW DWES
2DAW
(IFC-5)","GUARDIA
G. Biblio",,,,,,,,,,,"2 DAW DWES
2DAW
(IFC-5)","2 DAW DWES
2DAW
(IFC-5)",,"RL
1SMR
(IFC-3)",,"CCP
REUNIÓN
(BIBLIOTECA)",,,,,,,,"RL
1SMR
(IFC-3)","RL
1SMR
(IFC-3)","GUARDIA
Guardia",,"2 DAW DWES
2DAW
(IFC-5)","2 DAW DWES
2DAW
(IFC-5)",,,,,,,
Profesor53,,,,,,,"REUNIÓN
DEPINF",,,"1 ASIR ISO
1ASIR
(IFC-1)","1 ASIR ISO
1ASIR
(IFC-1)","ASO
2ASIR
(IFC-2)","ASO
2ASIR
(IFC-2)",,,,,,,,,,,,"1 ASIR ISO
1ASIR
(IFC-1)","1 ASIR ISO
1ASIR
(IFC-1)",,,,,,,,,"1 ASIR FHW
1ASIR
(IFC-1)","ASO
2ASIR
(IFC-2)","ASO
2ASIR
(IFC-2)","1 ASIR ISO
1ASIR
(IFC-1)","1 ASIR ISO
1ASIR
(IFC-1)",,,,,,,,,,,"GUARDIA
Guardia Noct","ASO
2ASIR
(IFC-2)","ASO
2ASIR
(IFC-2)",,"REUNIÓN
R.Tut. CCFF",,,,,,"ASO
2ASIR
(IFC-2)","ASO
2ASIR
(IFC-2)","GUARDIA
Guardia Noct","1 ASIR ISO
1ASIR
(IFC-1)","1 ASIR FHW
1ASIR
(IFC-1)","1 ASIR FHW
1ASIR
(IFC-1)"
Profesor54,"ING-1ESO
1º ESO D
(AULA 1D)",,,,"ING-2ESO
2º ESO A
(AULA 2B)
2º ESO B",,,,,,,,,"ING-1ESO
1º ESO D
(AULA 1D)",,"REUNIÓN
R.Tut.ESO1-2",,"ING-2ESO
2º ESO A
(AULA 2B)
2º ESO B",,,,,,,,,"ING-1ESO
1º ESO D
(AULA 1D)",,"ING-2ESO
2º ESO A
(AULA 2B)
2º ESO B",,,,,,,,,,,"ING-2ESO
2º ESO A
(AULA 2B)
2º ESO B",,,,"ING-1ESO
1º ESO D
(AULA 1D)","TUT-1ESO
1º ESO D
(AULA 1D)","REUNIÓN
DEPING",,,,,,,,,,,,,,,,,,,
Profesor55,"LCL-3ESO
3º ESO C
(AULA 3C)",,"2 FPB CS
2FPB
(AULA FPB 2º)","LCL-3ESO
3º ESO B
(AULA 3B)","RLE-1ESO-G1
1º ESO A
(INF2)
1º ESO C
1º ESO B","LCL-2BACH
2º BACH A
(AULA 2ABach)",,,,,,,,"2 FPB CS
2FPB
(AULA FPB 2º)","LCL-3ESO
3º ESO C
(AULA 3C)",,,,,,,,,,,,,"LCL-3ESO
3º ESO B
(AULA 3B)","LCL-3ESO
3º ESO C
(AULA 3C)","LCL-2BACH
2º BACH A
(AULA 2ABach)",,"2 FPB CS
2FPB
(AULA FPB 2º)",,,,,,,,"LCL-2BACH
2º BACH A
(AULA 2ABach)","LCL-3ESO
3º ESO C
(AULA 3C)","REUNIÓN
R.Tut.ESO3-4","LCL-3ESO
3º ESO B
(AULA 3B)","2 FPB CS
2FPB
(AULA FPB 2º)","TUT-3ESO
3º ESO B
(AULA 3B)","REUNIÓN
DEPLCL",,,,,,,,"2 FPB CS
2FPB
(AULA FPB 2º)","LCL-3ESO
3º ESO B
(AULA 3B)","LCL-2BACH
2º BACH A
(AULA 2ABach)",,,,,,,,,
Profesor56,,,,,,,,"Eco-1BHCNoc
1BN-MIXTO
(Aula-1BN-HCS)
1BN-HCS","GUARDIA
G. BiblioNoc","EcoEm-2BHCNo
2BN-MIXTO
(Aula - DN2)
2BN-HCS",,"FAG-2BNoc
2BN-HCS
(Aula-2BN-HCS)
2BN-MIXTO",,,,,,,"IAEE-3ESO
3º ESO D
(INF2)",,"EIE
2ASIR
(IFC-2)",,"GUARDIA
Guardia Noct","FAG-2BNoc
2BN-HCS
(Aula-2BN-HCS)
2BN-MIXTO","Eco-1BHCNoc
1BN-MIXTO
(Aula-1BN-HCS)
1BN-HCS",,,,,,,"REUNIÓN
DEPECO",,,"Eco-1BHCNoc
1BN-MIXTO
(Aula-1BN-HCS)
1BN-HCS",,"FAG-2BNoc
2BN-HCS
(Aula-2BN-HCS)
2BN-MIXTO","GUARDIA
Guardia Noct","EcoEm-2BHCNo
2BN-MIXTO
(Aula - DN2)
2BN-HCS",,,,,,,,,"FAG-2BNoc
2BN-HCS
(Aula-2BN-HCS)
2BN-MIXTO","EIE
2ASIR
(IFC-2)","EIE
2ASIR
(IFC-2)",,"EcoEm-2BHCNo
2BN-MIXTO
(Aula - DN2)
2BN-HCS",,,,,,"IAEE-3ESO
3º ESO D
(AULA 3D)",,,,,"Eco-1BHCNoc
1BN-MIXTO
(Aula-1BN-HCS)
1BN-HCS",,"EcoEm-2BHCNo
2BN-MIXTO
(Aula - DN2)
2BN-HCS"
Profesor57,"FQ-3ESO
3º ESO D
(AULA 3D)","GUARDIA
Guardia",,"QUÍM-2BACH G1
2º BACH A
(AULA 2ABach)","FQ-3ESO
3º ESO B
(AULA 3B)",,,,,,,,,"QUÍM-2BACH G1
2º BACH A
(AULA 2ABach)","FQ-3ESO
3º ESO A
(AULA 3A)","FQ-3ESO
3º ESO C
(AULA 3C)","FQ-2ESO
2º ESO C
(AULA 2C)","FQ-3ESO
3º ESO B
(AULA 3B)","GUARDIA
G. Biblio",,,,,,,,"FQ-3ESO
3º ESO C
(AULA 3C)","FQ-3ESO
3º ESO A
(AULA 3A)","QUÍM-2BACH G1
2º BACH A
(AULA 2ABach)","GUARDIA
Guardia",,"FQ-2ESO
2º ESO C
(AULA 2C)",,,,,,,,"FQ-3ESO
3º ESO C
(AULA 3C)","FQ-3ESO
3º ESO B
(AULA 3B)","FQ-3ESO
3º ESO A
(AULA 3A)",,"FQ-3ESO
3º ESO D
(AULA 3D)","GUARDIA
Guardia",,,,,,,,"QUÍM-2BACH G1
2º BACH A
(AULA 2ABach)","FQ-2ESO
2º ESO C
(AULA 2C)","FQ-3ESO
3º ESO D
(AULA 3D)",,"REUNIÓN
DEPFQ",,,,,,,,
Profesor58,,,,"REUNIÓN
DEPCN","BG-3ESO
3º ESO D
(AULA 3D)","BG-3ESO
3º ESO A
(AULA 3A)",,,,,,,,"BG-3ESO
3º ESO D
(AULA 3D)","AA-1BACH
1º BACH A
(AULA 1ABach)","BG-1ESO
1º ESO C
(AULA 1C)",,"GUARDIA
Guardia","BG-1ESO
1º ESO B
(AULA 1B)",,,,,,,,"BG-3ESO
3º ESO D
(AULA 3D)","AA-1BACH
1º BACH A
(AULA 1ABach)",,"BG-3ESO
3º ESO A
(AULA 3A)","BG-1ESO
1º ESO B
(AULA 1B)","GUARDIA
Guardia",,,,,,,,"GUARDIA
Guardia","BG-1ESO
1º ESO C
(AULA 1C)","AA-1BACH
1º BACH A
(AULA 1ABach)",,,"CCP
REUNIÓN
(BIBLIOTECA)",,,,,,,,"BG-3ESO
3º ESO A
(AULA 3A)","AA-1BACH
1º BACH A
(AULA 1ABach)","BG-1ESO
1º ESO B
(AULA 1B)","BG-1ESO
1º ESO C
(AULA 1C)",,,,,,,,,
Profesor59,"GUARDIA
Guardia","FRA1-2ESO
2ºD PMAR
(D3)","FRA3-4ESO
4º ESO A
(AULA 4C)
4º ESO D
4º ESO B
4º ESO C",,"FRA2-1ESO
1º ESO C
(AULA 1C)","FRA1-SFr4ESO
4º ESO A
(AULA 4B)
4º ESO D
4º ESO B",,,,,,,,,"FRA1-SFr4ESO
4º ESO A
(AULA 4B)
4º ESO D
4º ESO B","REUNIÓN
DEPFR","REUNIÓN
SBF","GUARDIA
Guardia","FRA3-4ESO
4º ESO A
(AULA 4C)
4º ESO D
4º ESO B
4º ESO C",,,,,,,,,"FRA2-2ESO
2º ESO B
(AULA 2B)",,"FRA1-SFr4ESO
4º ESO A
(AULA 4B)
4º ESO D
4º ESO B","FRA3-4ESO
4º ESO A
(AULA 4C)
4º ESO D
4º ESO B
4º ESO C","FRA1-2ESO
2ºD PMAR
(DPTO FRANCÉS)",,,,,,,,"GUARDIA
G. Biblio","FRA1-SFr4ESO
4º ESO A
(AULA 4B)
4º ESO D
4º ESO B",,"FRA2-1ESO
1º ESO C
(AULA 1C)",,"FRA1-2ESO
2ºD PMAR
(DPTO FRANCÉS)",,,,,,,,,,,,"FRA2-2ESO
2º ESO B
(AULA 2B)","FRA1-2ESO
2ºD PMAR
(DPTO FRANCÉS)",,,,,,,
Profesor60,"1 FPB MMS
1FPB
(AULA FPB 1º)","1 FPB MMS
1FPB
(AULA FPB 1º)","Inf4ESO-G3
4ºPRAGE
(INF2)","SGE
2DAM
(IFC-2)",,,"REUNIÓN
DEPINF",,,,,,,"GUARDIA
Guardia","SGE
2DAM
(IFC-2)","SGE
2DAM
(IFC-2)",,"1 FPB MMS
1FPB
(AULA FPB 1º)","1 FPB MMS
1FPB
(AULA FPB 1º)",,,,,,,,"1 FPB MMS
1FPB
(AULA FPB 1º)","1 FPB MMS
1FPB
(AULA FPB 1º)","SGE
2DAM
(IFC-2)",,,,,,,,,,,,,,,"1 FPB MMS
1FPB
(AULA FPB 1º)","1 FPB MMS
1FPB
(AULA FPB 1º)",,,,,,,,"1 FPB TUT
1FPB
(AULA FPB 1º)","REUNIÓN
R.Tut. CCFF",,"1 FPB MMS
1FPB
(AULA FPB 1º)","1 FPB MMS
1FPB
(AULA FPB 1º)","Inf4ESO-G3
4ºPRAGE
(INF2)",,,,,,,
Profesor61,,"GH-3ESO
3º ESO B
(AULA 3D)
3º ESO D",,"GH-4ESO
4º ESO D
(AULA 4D)","GH-1ESO
1º ESO D
(AULA 1D)","HªESP-2BACH
2º BACH C
(AULA 2CBach)","REUNIÓN
DEPGH",,,,,,,,"HªESP-2BACH
2º BACH C
(AULA 2CBach)","GH-1ESO
1º ESO A
(AULA 1A)","GUARDIA
Guardia","GH-4ESO
4ºPRAGE
(AULA 4-PRAGE)","GH-1ESO
1º ESO D
(AULA 1D)",,,,,,,,,,"GH-3ESO
3º ESO B
(AULA 3D)
3º ESO D","GUARDIA
Guardia","GH-4ESO
4ºPRAGE
(AULA 4-PRAGE)","GH-4ESO
4º ESO D
(AULA 4D)",,,,,,,,"GH-1ESO
1º ESO A
(AULA 1A)","GUARDIA
Guardia","GH-4ESO
4º ESO D
(INF1)","GH-4ESO
4ºPRAGE
(INF1)","HªESP-2BACH
2º BACH C
(AULA 2CBach)",,,,,,,,,"GH-1ESO
1º ESO D
(AULA 1D)","GH-1ESO
1º ESO A
(AULA 1A)",,"GH-3ESO
3º ESO B
(INF1)
3º ESO D",,"HªESP-2BACH
2º BACH C
(AULA 2CBach)",,,,,,,
Profesor62,,,"ING2-2ESO
2º ESO C
(AULA 2D)","GUARDIA
Guardia",,"ING-4ESO
4º ESO D
(AULA 4D)",,,,,,,,"3PMAR-LE-In
3ºD PMAR
(AULA 3D PMAR)","ING-4ESO
4º ESO D
(AULA 4D)","GUARDIA
Guardia",,"DING-SIng2ES
2º ESO A
(DPTO ING)
2º ESO B","ING1-SIng-2E
2º ESO C
(AULA 2C)",,,,,,,,"3PMAR-LE-In
3ºD PMAR
(AULA 3D PMAR)","ING2-2Bach
2º BACH C
(DPTO ING)
2º BACH D","GUARDIA
Guardia","ING-4ESO
4º ESO D
(AULA 4D)","ING1-SIng-2E
2º ESO C
(AULA 2C)",,,,,,,,,,"ING-4ESO
4º ESO D
(AULA 4D)","ING1-SIng-2E
2º ESO C
(AULA 2C)","ING2-2Bach
2º BACH C
(DPTO ING)
2º BACH D","3PMAR-LE-In
3ºD PMAR
(AULA 3D PMAR)","ING2-2ESO
2º ESO C
(AULA 2D)","REUNIÓN
DEPING",,,,,,,"3PMAR-LE-In
3ºD PMAR
(AULA 3D PMAR)","REUNIÓN
SBI","ING1-SIng-2E
2º ESO C
(AULA 2C)",,"ING2-2Bach
2º BACH C
(D1)
2º BACH D",,,,,,,,
Profesor63,,,,,,,,,"ACT 1
Módulo I
(Aula-ESPA-I)","ACT 1
Módulo I
(Aula-ESPA-I)","FIS-2BCN
2BN-MIXTO
(Aula-2BN-MIXTO)",,,,,,,,,,"FQ-1BCN
1BN-MIXTO
(Aula-1BN-MIXTO)","FIS-2BCN
2BN-MIXTO
(Aula-2BN-MIXTO)","QUI-2BCN
2BN-MIXTO
(Aula-2BN-MIXTO)","ACT 1
Módulo I
(Aula-ESPA-I)","ACT 1
Módulo I
(Aula-ESPA-I)","GUARDIA
Guardia Noct",,,,,,,,"QUI-2BCN
2BN-MIXTO
(Aula-2BN-MIXTO)","GUARDIA
Guardia Noct","FQ-1BCN
1BN-MIXTO
(Aula-1BN-MIXTO)","ACT 1
Módulo I
(Aula-ESPA-I)","ACT 1
Módulo I
(Aula-ESPA-I)",,,,,,,,,"QUI-2BCN
2BN-MIXTO
(Aula-2BN-MIXTO)","ACT 1
Módulo I
(Aula-ESPA-I)","FQ-1BCN
1BN-MIXTO
(Aula-1BN-MIXTO)",,"FIS-2BCN
2BN-MIXTO
(Aula-2BN-MIXTO)",,,,,,"REUNIÓN
DEPFQ",,,"FQ-1BCN
1BN-MIXTO
(Aula-1BN-MIXTO)","ACT 1
Módulo I
(Aula-ESPA-I)","QUI-2BCN
2BN-MIXTO
(Aula-2BN-MIXTO)",,"FIS-2BCN
2BN-MIXTO
(Aula-2BN-MIXTO)",
Profesor64,"LAT-4ESO-G2
4º ESO B
(AULA 4B)
4º ESO C",,,"GRIEGOII-2BACH
2º BACH D
(DPTO LATÍN)","GRIE-1BACH
1º BACH C
(DPTO LATÍN)
1º BACH D","LAT-2BACH
2º BACH D
(AULA 2DBach)",,,,,,,,,,"GRIE-1BACH
1º BACH C
(DPTO LATÍN)
1º BACH D","REUNIÓN
DEPLAT","GRIEGOII-2BACH
2º BACH D
(DPTO LATÍN)","GUARDIA
Guardia","PORTUGUES1-2
1º ESO A
(AULA 1A)
1º ESO D
2º ESO D
2º ESO B
2º ESO C
2º ESO A
1º ESO C
1º ESO B",,,,,,,"GRIEGOII-2BACH
2º BACH D
(DPTO LATÍN)",,"GRIE-1BACH
1º BACH C
(DPTO LATÍN)
1º BACH D",,"LAT-2BACH
2º BACH D
(AULA 2DBach)",,,,,,,,,"LAT-4ESO-G2
4º ESO B
(AULA 4B)
4º ESO C","GRIEGOII-2BACH
2º BACH D
(DPTO LATÍN)",,,"LAT-2BACH
2º BACH D
(AULA 2DBach)","CCP
REUNIÓN
(BIBLIOTECA)",,,,,,,,"LAT-2BACH
2º BACH D
(AULA 2DBach)","GUARDIA
Guardia","GRIE-1BACH
1º BACH C
(DPTO LATÍN)
1º BACH D","LAT-4ESO-G2
4º ESO B
(AULA 4B)
4º ESO C",,,,,,,,,
Profesor65,"GUARDIA
Guardia","TIC-1Bach G3
1º BACH A
(INF2)
1º BACH C
1º BACH D","1 DAM FOL
1DAM/DAW
(IFC-1)",,,,"REUNIÓN
DEPINF",,,,,,,,,"1 DAM FOL
1DAM/DAW
(IFC-1)",,,"PSP
2DAM
(IFC-2)",,,,,,,,"GUARDIA
G. Biblio","GUARDIA
Guardia","1 DAM FOL
1DAM/DAW
(IFC-1)",,,,,,,,,,,,,"PSP
2DAM
(IFC-2)","PSP
2DAM
(IFC-2)","TIC-1Bach G3
1º BACH A
(INF2)
1º BACH C
1º BACH D","GUARDIA
Guardia",,,,,,,,,"PSP
2DAM
(IFC-2)",,,,,,,,,,,
Profesor66,"Mat-AP4ESO
4ºPRAGE
(AULA 4-PRAGE)","GUARDIA
Guardia",,"MAT-1ESO
1º ESO D
(AULA 1D)","TUT-4ESO
4ºPRAGE
(AULA 4-PRAGE)","MAT.AP-3ESO
3º ESO C
(AULA 3D)
3º ESO D","REUNIÓN
DEPMAT",,,,,,,"GUARDIA
Guardia","MAT-2ESO
2º ESO D
(AULA 2D)","MAT-1ESO
1º ESO D
(AULA 1D)",,"MAT.AP-3ESO
3º ESO C
(AULA 3D)
3º ESO D","Mat-AP4ESO
4ºPRAGE
(AULA 4-PRAGE)",,,,,,,,"MAT-2ESO
2º ESO D
(AULA 2D)","MAT-1ESO
1º ESO D
(AULA 1D)","Mat-AP4ESO
4ºPRAGE
(AULA 4-PRAGE)",,,,,,,,,,,"MAT-2ESO
2º ESO D
(AULA 2D)","MAT-1ESO
1º ESO D
(AULA 1D)","REUNIÓN
R.Tut.ESO3-4","MAT.AP-3ESO
3º ESO C
(AULA 3D)
3º ESO D",,"RMA - 2ESO
2º ESO D
(DPTO MAT)",,,,,,,,,"MAT.AP-3ESO
3º ESO C
(AULA 3D)
3º ESO D","MAT-1ESO
1º ESO D
(AULA 1D)","Mat-AP4ESO
4ºPRAGE
(AULA 4-PRAGE)","MAT-2ESO
2º ESO D
(AULA 2D)","GUARDIA
Guardia",,,,,,,
Profesor67,"AD
2DAM
(IFC-2)","AD
2DAM
(IFC-2)",,,,,"REUNIÓN
DEPINF",,,,,,,"FCT DAM
FCT DAM
(IFC-FCT2)","FCT DAM
FCT DAM
(IFC-FCT2)","FCT DAM
FCT DAM
(IFC-FCT2)","FCT DAM
FCT DAM
(IFC-FCT2)","FCT DAM
FCT DAM
(IFC-FCT2)",,,,,,,,,,,,"AD
2DAM
(IFC-2)","AD
2DAM
(IFC-2)",,,,,,,,,"AD
2DAM
(IFC-2)","AD
2DAM
(IFC-2)","1 DAM ED
1DAM/DAW
(IFC-1)","1 DAM ED
1DAM/DAW
(IFC-1)",,"CCP
REUNIÓN
(BIBLIOTECA)",,,,,,,,"AD
2DAM
(IFC-2)","REUNIÓN
R.Tut. CCFF","1 DAM ED
1DAM/DAW
(IFC-1)","1 DAM ED
1DAM/DAW
(IFC-1)",,,,,,,,,
Profesor68,,,,"REUNIÓN
DEPMUS",,,,,,"AM-1BNoc
1BN-MIXTO
(AULA MÚSICA)
1BN-HCS","LPM-1BNoc
1BN-MIXTO
(AULA MÚSICA)
1BN-HCS","AM-2BN
2BN-HCS
(AULA MÚSICA)
2BN-MIXTO","GUARDIA
Guardia Noct",,,,,,,,,,,"AM-2BN
2BN-HCS
(AULA MÚSICA)
2BN-MIXTO",,"LPM-1BNoc
1BN-MIXTO
(AULA MÚSICA)
1BN-HCS",,,,,,,,,,,,"AM-1BNoc
1BN-MIXTO
(AULA MÚSICA)
1BN-HCS","LPM-1BNoc
1BN-MIXTO
(AULA MÚSICA)
1BN-HCS",,,,,,,,,"AM-2BN
2BN-HCS
(AULA MÚSICA)
2BN-MIXTO",,,"LPM-1BNoc
1BN-MIXTO
(AULA MÚSICA)
1BN-HCS",,,,,,,,,,,,,,
Profesor69,"AW
2SMR
(IFC-4)","AW
2SMR
(IFC-4)",,,,,"REUNIÓN
DEPINF",,,,,,,,,,,,,,,,,,,,"AW
2SMR
(IFC-4)","AW
2SMR
(IFC-4)",,,,,,,,,,,,,,,"AW
2SMR
(IFC-4)","AW
2SMR
(IFC-4)",,,,,,,,,,,,,,,,,,,,,
Profesor70,"FQ-4ESO-G2
4º ESO A
(AULA 4A)
4º ESO B","FQ-2ESO
2º ESO D
(AULA 2D)","FQ-2ESO
2º ESO A
(AULA 2A)",,,,,,,,,,,"FQ-2ESO
2º ESO D
(AULA 2D)","FQ-2ESO
2º ESO A
(AULA 2A)","FQ-2ESO
2º ESO B
(AULA 2B)","FQ-2ESO
2º ESO C
(D2)","FQ-4ESO-G1
4º ESO B
(AULA 4B)
4º ESO C",,,,,,,,,"FQ-4ESO-G1
4º ESO B
(AULA 4B)
4º ESO C","GUARDIA
Guardia",,"FQ-2ESO
2º ESO D
(AULA 2D)","FQ-2ESO
2º ESO B
(AULA 2B)","FQ-2ESO
2º ESO C
(D2)",,,,,,,,"FQ-4ESO-G2
4º ESO A
(AULA 4A)
4º ESO B","GUARDIA
Guardia","REUNIÓN
R.Tut.ESO3-4",,"FQ-2ESO
2º ESO B
(AULA 2B)","FQ-2ESO
2º ESO A
(AULA 2A)",,,,,,,,"FQ-4ESO-G1
4º ESO B
(AULA 4B)
4º ESO C","FQ-2ESO
2º ESO C
(D2)","GUARDIA
Guardia","FQ-4ESO-G2
4º ESO A
(AULA 4A)
4º ESO B","REUNIÓN
DEPFQ","TUT-4ESO
4º ESO A
(AULA 4A)",,,,,,,
Profesor71,,"ING-2BACH
2º BACH D
(AULA 2DBach)","ING3-4ESO
4º ESO B
(AULA 4B)
4º ESO D","ING-1BACH
1º BACH B
(AULA 1BBach)",,"ING1-Sing-4E
4º ESO A
(AULA 4A)
4º ESO D
4º ESO B",,,,,,,,,"ING1-Sing-4E
4º ESO A
(AULA 4A)
4º ESO D
4º ESO B","GUARDIA
Guardia","ING-2BACH
2º BACH D
(AULA 2DBach)","ING-1BACH
1º BACH B
(AULA 1BBach)","ING3-4ESO
4º ESO B
(AULA 4B)
4º ESO D",,,,,,,,"GUARDIA
Guardia","REUNIÓN
R.Tut. Bach",,"ING1-Sing-4E
4º ESO A
(AULA 4A)
4º ESO D
4º ESO B","ING3-4ESO
4º ESO B
(AULA 4B)
4º ESO D","ING-1BACH
1º BACH C
(AULA 1CBach)",,,,,,,,,"ING1-Sing-4E
4º ESO A
(AULA 4A)
4º ESO D
4º ESO B","ING-2BACH
2º BACH D
(AULA 2DBach)",,"DING-SIng1ES
1º ESO B
(D1)
1º ESO C","ING-1BACH
1º BACH C
(AULA 1CBach)","REUNIÓN
DEPING",,,,,,,,"REUNIÓN
SBI",,"ING-1BACH
1º BACH B
(AULA 1BBach)","ING-1BACH
1º BACH C
(AULA 1CBach)",,,,,,,,
Profesor72,"ING-1ESO
1º ESO B
(D1)","ING-2BACH
2º BACH C
(AULA 2CBach)","ING1-SIng-3E
3º ESO A
(AULA 3A)
3º ESO B","ING-1BACH
1º BACH A
(AULA 1ABach)",,,,,,,,,,"ING-1ESO
1º ESO B
(D1)",,,"ING-2BACH
2º BACH C
(AULA 2CBach)","ING-1BACH
1º BACH A
(AULA 1ABach)",,,,,,,,,"ING-1ESO
1º ESO B
(D1)",,"DING-2ESO
2º ESO A
(DPTO ING)
2º ESO B","GUARDIA
Guardia","ING1-SIng-3E
3º ESO A
(AULA 3A)
3º ESO B",,,,,,,,,,"2 FPB ING
2FPB
(AULA FPB 2º)","ING-2BACH
2º BACH C
(AULA 2CBach)",,"ING-1ESO
1º ESO B
(DPTO ING)",,"REUNIÓN
DEPING",,,,,,,"2 FPB ING
2FPB
(AULA FPB 2º)","REUNIÓN
SBI",,"ING-1BACH
1º BACH A
(AULA 1ABach)","ING1-SIng-3E
3º ESO A
(AULA 3A)
3º ESO B",,,,,,,,
Profesor73,"LCL-2ESO
2º ESO C
(D3)",,"LCL-1BACH
1º BACH D
(INF1)","GUARDIA
Guardia","LCL-4ESO
4º ESO C
(AULA 4C)","LCL-1BACH
1º BACH A
(INF2)",,,,,,,,"LCL-1BACH
1º BACH A
(AULA 1ABach)","LCL-2ESO
2º ESO C
(D3)","LCL-4ESO
4º ESO C
(INF2)",,"GUARDIA
G. Biblio","LCL-1BACH
1º BACH D
(AULA 1DBach)",,,,,,,,,,,"LCL-1BACH
1º BACH D
(AULA 1DBach)","RLE-1ESO-G2
1º ESO D
(DPTO LENGUA)","LCL-4ESO
4º ESO C
(AULA 4C)",,,,,,,,"LCL-1BACH
1º BACH A
(AULA 1ABach)","LCL-2ESO
2º ESO C
(D3)","REUNIÓN
R.Tut.ESO3-4","RLE-1ESO-G2
1º ESO A
(DPTO LENGUA)
1º ESO C
1º ESO B",,"LCL-4ESO
4º ESO C
(AULA 4C)","REUNIÓN
DEPLCL",,,,,,,,,"LCL-1BACH
1º BACH A
(AULA 1ABach)","LCL-2ESO
2º ESO C
(D3)","LCL-1BACH
1º BACH D
(AULA 1DBach)","TUT-4ESO
4º ESO C
(AULA 4C)",,,,,,,
Profesor74,,,,,,,,,,"GUARDIA
G. BiblioNoc",,"ACom. 1
Módulo I
(Aula-ESPA-I)","LCL-1BNoc
1BN-MIXTO
(Aula-1BN-HCS)
1BN-HCS",,,,,,,,"LCL PA CCFF
PA CCFF
(Aula-PAGS)","ACom. 1
Módulo I
(Aula-ESPA-I)","ING PA CCFF
PA CCFF
(Aula-PAGS)","GUARDIA
Guardia Noct",,,,,,,,,,"LCL PA CCFF
PA CCFF
(Aula-PAGS)","ACom. 1
Módulo I
(Aula-ESPA-I)","ING PA CCFF
PA CCFF
(Aula-PAGS)","LCL-1BNoc
1BN-MIXTO
(Aula-1BN-HCS)
1BN-HCS",,,,,,,,"CCP
REUNIÓN
(BIBLIOTECA)","REUNIÓN
DEPING","LCL PA CCFF
PA CCFF
(Aula-PAGS)",,"ACom. 1
Módulo I
(Aula-ESPA-I)","ACom. 1
Módulo I
(Aula-ESPA-I)",,"LCL-1BNoc
1BN-MIXTO
(Aula-1BN-HCS)
1BN-HCS",,,,,,,,,,"ACom. 1
Módulo I
(Aula-ESPA-I)",,"GUARDIA
Guardia Noct","LCL-1BNoc
1BN-MIXTO
(Aula-1BN-HCS)
1BN-HCS"
Profesor75,,"LCL-1ESO
1º ESO D
(AULA 1CD)","RLE-2ESO-G1
2º ESO D
(Aula - 2CD)","LCL-2ESO
2º ESO D
(Aula - 2CD)",,,,,,,,,,,,"LCL-2ESO
2º ESO D
(Aula - 2CD)",,"LCL-1ESO
1º ESO D
(AULA 1CD)",,,,,,,,,,,,"LCL-1ESO
1º ESO D
(AULA 1CD)",,"LCL-2ESO
2º ESO D
(Aula - 2CD)",,,,,,,,"LCL-1ESO
1º ESO D
(AULA 1CD)",,,"GUARDIA
Guardia",,"RLE-2ESO-G1
2º ESO C
(DPTO LENGUA)","REUNIÓN
Coor.ORI",,,,,,,"LCL-2ESO
2º ESO D
(Aula - 2CD)","LCL-1ESO
1º ESO D
(AULA 1CD)",,,,,,,,,,,
Profesor76,,,,,,,,,,,,,,,,"REUNIÓN
R.Tut.ESO1-2",,,,,,,,,,,,"REUNIÓN
R.Tut. Bach",,,,,,,,,,,,,,"REUNIÓN
R.Tut.ESO3-4","REUNIÓN
R.ORI-FOL","REUNIÓN
R.PMAR","CCP
REUNIÓN
(BIBLIOTECA)","REUNIÓN
Coor.ORI",,,,,,,"GUARDIA
Guardia","REUNIÓN
R.Tut. CCFF",,,,,,,,,,,
Profesor77,,,,,,,"REUNIÓN
DEPINF",,"GUARDIA
Guardia Noct","SERI
2ASIR
(IFC-2)","SERI
2ASIR
(IFC-2)","PAR
1ASIR
(IFC-1)","PAR
1ASIR
(IFC-1)",,,,,,,,,,"PAR
1ASIR
(IFC-1)","PAR
1ASIR
(IFC-1)","SERI
2ASIR
(IFC-2)","SERI
2ASIR
(IFC-2)",,,,,,,,"FCT ASIR
FCT ASIR
(IFC-FCT4)","FCT ASIR
FCT ASIR
(IFC-FCT4)","FCT ASIR
FCT ASIR
(IFC-FCT4)","FCT ASIR
FCT ASIR
(IFC-FCT4)","FCT ASIR
FCT ASIR
(IFC-FCT4)",,,,,,,,,"SERI
2ASIR
(IFC-2)","SERI
2ASIR
(IFC-2)",,"PAR
1ASIR
(IFC-1)",,,,"REUNIÓN
R.Tut. CCFF",,,,,,"GUARDIA
Guardia Noct","PAR
1ASIR
(IFC-1)","PAR
1ASIR
(IFC-1)",,,
Profesor78,"SOM
1SMR
(IFC-3)","SOM
1SMR
(IFC-3)",,"1 DAM SI
1DAM/DAW
(IFC-1)","1 DAM SI
1DAM/DAW
(IFC-1)","GUARDIA
Guardia","REUNIÓN
DEPINF",,,,,,,,,,,"MAT-1ESO
1º ESO C
(AULA 1C)","2 DAW DAWEB
2DAW
(IFC-5)",,,,,,,,"1 DAM SI
1DAM/DAW
(IFC-1)","1 DAM SI
1DAM/DAW
(IFC-1)","SOM
1SMR
(IFC-3)",,,,,,,,,,,"GUARDIA
Guardia",,"2 DAW DAWEB
2DAW
(IFC-5)","2 DAW DAWEB
2DAW
(IFC-5)","SOM
1SMR
(IFC-3)","SOM
1SMR
(IFC-3)",,,,,,,,"2 DAW DAWEB
2DAW
(IFC-5)","2 DAW DAWEB
2DAW
(IFC-5)","GUARDIA
Guardia",,"1 DAM SI
1DAM/DAW
(IFC-1)","1 DAM SI
1DAM/DAW
(IFC-1)",,,,,,,
Profesor79,"Mat 2Bach
2º BACH A
(AULA 2ABach)",,,"GUARDIA
G. Biblio","RMA-1ESO-G2
1º ESO A
(D1)
1º ESO C
1º ESO B","MAT.AC-3ESO
3º ESO C
(AULA 3C)
3º ESO D","REUNIÓN
DEPMAT",,,,,,,"MAT.AC-4ESO
4º ESO B
(AULA 4B)","MAT.AP-3ESO
3º ESO B
(DPTO MAT)","Mat 2Bach
2º BACH A
(AULA 2ABach)",,"MAT.AC-3ESO
3º ESO C
(AULA 3C)
3º ESO D",,,,,,,,,"Mat 2Bach
2º BACH A
(AULA 2ABach)","MAT.AC-4ESO
4º ESO B
(AULA 4B)",,"MAT.AP-3ESO
3º ESO B
(DPTO MAT)",,,,,,,,,,"MAT.AP-3ESO
3º ESO B
(DPTO MAT)",,"REUNIÓN
R.Tut.ESO3-4","MAT.AC-3ESO
3º ESO C
(AULA 3C)
3º ESO D","Mat 2Bach
2º BACH A
(AULA 2ABach)","MAT.AC-4ESO
4º ESO B
(AULA 4B)",,,,,,,,"MAT.AP-3ESO
3º ESO B
(DPTO MAT)","MAT.AC-3ESO
3º ESO C
(AULA 3C)
3º ESO D","MAT.AC-4ESO
4º ESO B
(AULA 4B)",,"RMA - 2ESO
2º ESO A
(DPTO MAT)
2º ESO B","TUT-4ESO
4º ESO B
(AULA 4B)",,,,,,,
Profesor80,"GUARDIA
Guardia","FRA1-2BACH
2º BACH A
(DPTO FRANCÉS)
2º BACH C
2º BACH D",,"FRA1-1BACH
1º BACH A
(DPTO FRANCÉS)
1º BACH B
1º BACH D","DFRA2-1ESO
1º ESO A
(DPTO FRANCÉS)",,,,,,,,,"3PMAR-LE-Fr
3ºC PMAR
(DPTO FRANCÉS)
3ºD PMAR","FRA1-3ESO
3º ESO D
(D5)","REUNIÓN
DEPFR","FRA1-2BACH
2º BACH A
(DPTO FRANCÉS)
2º BACH C
2º BACH D","FRA1-1BACH
1º BACH A
(DPTO FRANCÉS)
1º BACH B
1º BACH D","FRA2-3ESO
3º ESO B
(AULA 3B)
3º ESO C",,,,,,,,"3PMAR-LE-Fr
3ºC PMAR
(DPTO FRANCÉS)
3ºD PMAR","FRA2-2BACH
2º BACH A
(D5)
2º BACH C
2º BACH D",,"FRA1-3ESO
3º ESO D
(D5)",,,,,,,,,,"FRA1-3ESO
3º ESO D
(DPTO FRANCÉS)","GUARDIA
Guardia","FRA1-2BACH
2º BACH A
(DPTO FRANCÉS)
2º BACH C
2º BACH D","FRA2-2BACH
2º BACH A
(DPTO FRANCÉS)
2º BACH C
2º BACH D","3PMAR-LE-Fr
3ºC PMAR
(DPTO FRANCÉS)
3ºD PMAR",,,,,,,,,"3PMAR-LE-Fr
3ºC PMAR
(DPTO FRANCÉS)
3ºD PMAR","GUARDIA
Guardia","GUARDIA
G. Biblio","FRA1-1BACH
1º BACH A
(DPTO FRANCÉS)
1º BACH B
1º BACH D","FRA2-2BACH
2º BACH A
(DPTO FRANCÉS)
2º BACH C
2º BACH D","FRA2-3ESO
3º ESO B
(AULA 3B)
3º ESO C",,,,,,,
Profesor81,"BG-4ESOG2
4º ESO B
(AULA 4C)
4º ESO C","BG-1ESO
1º ESO A
(AULA 1A)","BG-1ESO
1º ESO D
(AULA 1D)","REUNIÓN
DEPCN",,,,,,,,,,,"Biol2Bach
2º BACH A
(AULA 2ABach)","REUNIÓN
R.Tut.ESO1-2",,"BG-4ESOG1
4º ESO A
(AULA 4A)
4º ESO B
4º ESO C","BG-1ESO
1º ESO A
(AULA 1A)",,,,,,,,"BG-4ESOG1
4º ESO A
(AULA 4A)
4º ESO B
4º ESO C",,"BG-1ESO
1º ESO A
(AULA 1A)","GUARDIA
Guardia","Biol2Bach
2º BACH A
(AULA 2ABach)","BG-1ESO
1º ESO D
(INF1)",,,,,,,,"BG-4ESOG2
4º ESO B
(AULA 4C)
4º ESO C","Biol2Bach
2º BACH A
(AULA 2ABach)","REUNIÓN
R.Tut.ESO3-4","BG-1ESO
1º ESO D
(AULA 1D)","GUARDIA
Guardia","TUT-1ESO
1º ESO A
(AULA 1A)",,,,,,,,"BG-4ESOG1
4º ESO A
(AULA 4A)
4º ESO B
4º ESO C","GUARDIA
Guardia","Biol2Bach
2º BACH A
(AULA 2ABach)","BG-4ESOG2
4º ESO B
(AULA 4C)
4º ESO C",,,,,,,,,
Profesor82,,"ED-DH - 2ESO
2º ESO C
(AULA 2C)","VE-2ESO
2º ESO B
(D3)
2ºD PMAR","VE-2ESO
2º ESO C
(D2)","HªFIL-2BACH
2º BACH A
(AULA 2ABach)","VE-3ESO
3ºC PMAR
(AULA 3C PMAR)",,,,,,,,"GUARDIA
G. Biblio","VE-1ESO
1º ESO D
(AULA 1D)","GUARDIA
Guardia",,"ED-DH - 2ESO
2º ESO D
(AULA 2D)","FIL-1BACH
1º BACH A
(AULA 1ABach)",,,,,,,,,"PSICO-2B-G1
2º BACH A
(AULA 2ABach)
2º BACH C
2º BACH D","VE-1ESO
1º ESO C
(D1)","REUNIÓN
DEPFIL","GUARDIA
Guardia","FIL-1BACH
1º BACH A
(AULA 1ABach)",,,,,,,,,,,"PSICO-2B-G1
2º BACH A
(AULA 2ABach)
2º BACH C
2º BACH D","VE-2ESO
2º ESO A
(AULA 2D)
2º ESO D","HªFIL-2BACH
2º BACH A
(AULA 2ABach)",,,,,,,,"FIL-1BACH
1º BACH A
(AULA 1ABach)","HªFIL-2BACH
2º BACH A
(AULA 2ABach)","VE-1ESO
1º ESO A
(D1)","GUARDIA
Guardia","PSICO-2B-G1
2º BACH A
(AULA 2ABach)
2º BACH C
2º BACH D","VE-1ESO
1º ESO B
(D1)",,,,,,,
Profesor83,"FísQ 1Bac G1
1º BACH A
(AULA 1ABach)","CCAAP-4ESO
4ºPRAGE
(AULA 4-PRAGE)",,"Fís 2Bach G1
2º BACH A
(AULA 2BBach)
2º BACH B","GUARDIA
Guardia","FísQ 1Bac G1
1º BACH B
(AULA 1BBach)",,,,,,,,"Fís 2Bach G1
2º BACH A
(AULA 2BBach)
2º BACH B","GUARDIA
G. Biblio","FísQ 1Bac G1
1º BACH A
(AULA 1ABach)","FísQ 1Bac G1
1º BACH B
(AULA 1BBach)",,,,,,,,,,,,"Fís 2Bach G1
2º BACH A
(AULA 2BBach)
2º BACH B",,"FísQ 1Bac G1
1º BACH A
(AULA 1ABach)","FísQ 1Bac G1
1º BACH B
(AULA 1BBach)",,,,,,,,"FísQ 1Bac G1
1º BACH B
(AULA 1BBach)","GUARDIA
Guardia",,"FísQ 1Bac G1
1º BACH A
(AULA 1ABach)","CCAAP-4ESO
4ºPRAGE
(AULA 4-PRAGE)","CCP
REUNIÓN
(BIBLIOTECA)",,,,,,,,"Fís 2Bach G1
2º BACH A
(AULA 2BBach)
2º BACH B","GUARDIA
Guardia","CCAAP-4ESO
4ºPRAGE
(AULA 4-PRAGE)","LAB-FQ-4ESO
4º ESO A
(LAB FQ)
4º ESO B","REUNIÓN
DEPFQ",,,,,,,,
Profesor84,"ING-1ESO
1º ESO C
(AULA 1C)",,"ING-3ESO
3º ESO A
(AULA 3C)
3º ESO C
3º ESO B","ING1-SIng-1E
1º ESO A
(AULA 1A)","GUARDIA
Guardia","ING-4ESO
4ºPRAGE
(AULA 4-PRAGE)",,,,,,,,"ING-1ESO
1º ESO C
(AULA 1C)","ING-4ESO
4ºPRAGE
(AULA 4-PRAGE)",,,"ING1-SIng-1E
1º ESO A
(INF1)","ING2-3ESO
3º ESO A
(D3)
3º ESO B",,,,,,,,"ING-1ESO
1º ESO C
(AULA 1C)","ING1-SIng-1E
1º ESO A
(AULA 1A)",,"ING-4ESO
4ºPRAGE
(AULA 4-PRAGE)","ING-3ESO
3º ESO A
(AULA 3C)
3º ESO C
3º ESO B",,,,,,,,,,"ING-4ESO
4ºPRAGE
(AULA 4-PRAGE)","REUNIÓN
R.Tut.ESO3-4",,"ING-1ESO
1º ESO C
(AULA 1C)","TUT-3ESO
3º ESO C
(AULA 3C)","REUNIÓN
DEPING",,,,,,,"ING1-SIng-1E
1º ESO A
(AULA 1A)","REUNIÓN
SBI",,"GUARDIA
Guardia","ING-3ESO
3º ESO A
(AULA 3C)
3º ESO C
3º ESO B","ING2-3ESO
3º ESO A
(D3)
3º ESO B",,,,,,,
Profesor85,"MUS-2ESO
2º ESO D
(AULA 2D)","GUARDIA
Guardia",,"REUNIÓN
DEPMUS",,"MUS-1ESO
1º ESO D
(AULA MÚSICA)",,,,,,,,"MUS-1ESO
1º ESO A
(AULA MÚSICA)","LPM-1BACH-G1
1º BACH B
(AULA MÚSICA)
1º BACH C
1º BACH D","MUS-2ESO
2º ESO C
(AULA 2C)","AED-4ESO
4º ESO B
(AULA 4C)
4º ESO D
4º ESO C",,,,,,,,,,"GUARDIA
Guardia","LPM-1BACH-G1
1º BACH B
(AULA MÚSICA)
1º BACH C
1º BACH D","AED-4ESO
4º ESO B
(AULA 4C)
4º ESO D
4º ESO C",,,,,,,,,,,"MUS-2ESO
2º ESO C
(AULA 2C)","MUS-2ESO
2º ESO D
(AULA 2D)","LPM-1BACH-G1
1º BACH B
(AULA MÚSICA)
1º BACH C
1º BACH D","MUS-2ESO
2º ESO A
(AULA 2B)
2º ESO B",,"CCP
REUNIÓN
(BIBLIOTECA)",,,,,,,,"MUS-2ESO
2º ESO A
(AULA 2B)
2º ESO B","LPM-1BACH-G1
1º BACH B
(AULA MÚSICA)
1º BACH C
1º BACH D",,"MUS-1ESO
1º ESO A
(AULA MÚSICA)","MUS-1ESO
1º ESO D
(AULA MÚSICA)","GUARDIA
G. Biblio",,,,,,,
Profesor86,"2PMAR AP-NT
2ºD PMAR
(AULA 2D PMAR)","GUARDIA
Guardia","3PMAR-TUT
3ºC PMAR
(AULA 3C PMAR)","3PMAR-ERMA
3ºD PMAR
(AULA 3D PMAR)","3PMAR AP-NT
3ºC PMAR
(AULA 3C PMAR)",,,,,,,,,"2PMAR AP-NT
2ºD PMAR
(AULA 2D PMAR)",,"GUARDIA
Guardia",,,"3PMAR AP-NT
3ºD PMAR
(AULA 3D PMAR)",,,,,,,,,,"TEC-2ESO
2º ESO D
(Aula - 2CD)","3PMAR-ERMA
3ºD PMAR
(AULA 3D PMAR)","3PMAR AP-NT
3ºD PMAR
(AULA 3D PMAR)","3PMAR AP-NT
3ºC PMAR
(AULA 3C PMAR)",,,,,,,,"3PMAR AP-NT
3ºC PMAR
(AULA 3C PMAR)","2PMAR AP-NT
2ºD PMAR
(AULA 2D PMAR)","GUARDIA
Guardia","3PMAR-ERMA
3ºC PMAR
(AULA 3C PMAR)","REUNIÓN
R.PMAR","3PMAR AP-NT
3ºD PMAR
(AULA 3D PMAR)","REUNIÓN
Coor.ORI",,,,,,,,"TEC-2ESO
2º ESO D
(Aula - 2CD)","2PMAR AP-NT
2ºD PMAR
(AULA 2D PMAR)","3PMAR-ERMA
3ºC PMAR
(AULA 3C PMAR)","3PMAR AP-NT
3ºC PMAR
(INF1)","3PMAR AP-NT
3ºD PMAR
(INF1)",,,,,,,
Profesor87,"Tec-4ESO-G1
4º ESO D
(TALLER TEC 2)","TIC-1Bach G1
1º BACH B
(TALLER TEC 2)","Tec-4ESO-G1
4º ESO A
(TALLER TEC 2)",,"GUARDIA
Guardia","TECIND-2BACH-G1
2º BACH B
(TALLER TEC 2)",,,,,,,,,,"Tec-4ESO-G1
4º ESO D
(TALLER TEC 2)","Tec-4ESO-G1
4ºPRAGE
(TALLER TEC 2)",,"Tec-4ESO-G1
4º ESO A
(TALLER TEC 2)",,,,,,,,"Tec-4ESO-G1
4ºPRAGE
(TALLER TEC 2)","TECIND-2BACH-G1
2º BACH B
(TALLER TEC 2)",,"REUNIÓN
DEPTEC","Tec-4ESO-G1
4º ESO A
(TALLER TEC 2)","GUARDIA
Guardia",,,,,,,,"Tec-4ESO-G1
4ºPRAGE
(TALLER TEC 2)","GUARDIA
G. Biblio","TECIND-2BACH-G1
2º BACH B
(TALLER TEC 2)","GUARDIA
Guardia","TIC-1Bach G1
1º BACH B
(TALLER TEC 2)","CCP
REUNIÓN
(BIBLIOTECA)",,,,,,,,,,"Tec-4ESO-G1
4º ESO D
(TALLER TEC 2)","TECIND-2BACH-G1
2º BACH B
(TALLER TEC 2)",,,,,,,,,
Profesor88,,"REL-1BACH
1º BACH A
(AULA 1ABach)
1º BACH B
1º BACH C
1º BACH D","REL-2ESO
2º ESO B
(AULA 2B)
2ºD PMAR","REL-2ESO
2º ESO C
(AULA 2C)","REL-4ESO
4º ESO B
(D2)","REL-3ESO
3º ESO B
(AULA 3B)
3ºC PMAR",,,,,,,,,"REL-1ESO
1º ESO D
(AULA 1CD)","REL-3ESO
3º ESO D
(AULA 3D)","REL-3ESO
3º ESO A
(D3)
3ºD PMAR","GUARDIA
Guardia","REL-2BACH
2º BACH A
(AULA 2ABach)
2º BACH C
2º BACH D",,,,,,,,,,"REL-1ESO
1º ESO C
(AULA 1C)","GUARDIA
G. Biblio","GUARDIA
Guardia","REL-3ESO
3º ESO C
(AULA 3C)",,,,,"Rel. 2º.
2BN-HCS
(Aula - DN2)
2BN-MIXTO","REL-1BNoc
1BN-MIXTO
(Aula-1BN-HCS)
1BN-HCS",,,,,"GUARDIA
Guardia","REL-2ESO
2º ESO A
(AULA 2A)
2º ESO D","REL-4ESO
4º ESO A
(AULA 4A)",,,,,,,,,,"REL-1ESO
1º ESO A
(AULA 1A)","REL-4ESO
4º ESO D
(AULA 4D)","REL-4ESO
4º ESO C
(AULA 4C)
4ºPRAGE","REL-1ESO
1º ESO B
(AULA 1B)",,,,,,,
Profesor89,"GUARDIA
Guardia","ING-2BACH
2º BACH A
(AULA 2ABach)","DING-Sing3ES
3º ESO A
(DPTO ING)
3º ESO B",,"ING1-SIng-2E
2º ESO A
(INF1)
2º ESO B","ING-4ESO
4º ESO C
(AULA 4C)",,,,,,,,"3PMAR-LE-In
3ºC PMAR
(AULA 3C PMAR)","ING-4ESO
4º ESO C
(AULA 4C)",,"ING-2BACH
2º BACH A
(AULA 2ABach)","ING1-SIng-2E
2º ESO A
(AULA 2A)
2º ESO B","GUARDIA
Guardia",,,,,,,,"3PMAR-LE-In
3ºC PMAR
(AULA 3C PMAR)","REUNIÓN
R.Tut. Bach","ING1-SIng-2E
2º ESO A
(AULA 2A)
2º ESO B","ING-4ESO
4º ESO C
(AULA 4C)",,,,,,,,,,"ING1-SIng-2E
2º ESO A
(AULA 2A)
2º ESO B","ING-4ESO
4º ESO C
(AULA 4C)","ING-2BACH
2º BACH A
(AULA 2ABach)",,"3PMAR-LE-In
3ºC PMAR
(AULA 3C PMAR)",,"REUNIÓN
DEPING",,,,,,,"3PMAR-LE-In
3ºC PMAR
(AULA 3C PMAR)","REUNIÓN
SBI",,"DING-1Bach
1º BACH B
(DPTO ING)",,,,,,,,,
Profesor90,,,,,,,,"HFIL-2BNoc
2BN-HCS
(Aula-2BN-HCS)","HFIL-2BNoc
2BN-MIXTO
(Aula-2BN-MIXTO)","VE-1BNoc
1BN-MIXTO
(Aula-1BN-HCS)
1BN-HCS","GUARDIA
Guardia Noct","PSICO-2BNoc
2BN-HCS
(Aula-2BN-MIXTO)
2BN-MIXTO",,,,,,,,,,"FIL-1BNoc
1BN-HCS
(Aula-1BN-MIXTO)
1BN-MIXTO",,"PSICO-2BNoc
2BN-HCS
(Aula-2BN-MIXTO)
2BN-MIXTO","HFIL-2BNoc
2BN-MIXTO
(Aula-2BN-MIXTO)",,,,,"REUNIÓN
DEPFIL",,,,"GUARDIA
Guardia Noct","HFIL-2BNoc
2BN-HCS
(Aula-2BN-HCS)","GUARDIA
G. BiblioNoc",,"HFIL-2BNoc
2BN-MIXTO
(Aula-2BN-MIXTO)",,,,,,"VE-1BAC
1º BACH A
(AULA 1CBach)
1º BACH B
1º BACH C
1º BACH D","CCP
REUNIÓN
(BIBLIOTECA)",,"FIL-1BNoc
1BN-HCS
(Aula-1BN-MIXTO)
1BN-MIXTO","PSICO-2BNoc
2BN-HCS
(Aula-2BN-MIXTO)
2BN-MIXTO",,,,,,,,,,,,,,,"HFIL-2BNoc
2BN-HCS
(Aula-2BN-HCS)","FIL-1BNoc
1BN-HCS
(Aula-1BN-MIXTO)
1BN-MIXTO",
Profesor91,,,,,,,,"LiUni-1BHCN
1BN-HCS
(Aula - DN1)
1BN-MIXTO","LCL-2BNoc
2BN-HCS
(Aula-2BN-HCS)","ACom. 2
Módulo II
(Aula-ESPA-II)","ACom. 2
Módulo II
(Aula-ESPA-II)","GUARDIA
Guardia Noct","LCL-2BNoc
2BN-MIXTO
(Aula-2BN-MIXTO)",,,,,,,,"LCL-2BNoc
2BN-HCS
(Aula-2BN-HCS)","ACom. 2
Módulo II
(Aula-ESPA-II)",,,"LiUni-1BHCN
1BN-HCS
(Aula - DN1)
1BN-MIXTO","LCL-2BNoc
2BN-MIXTO
(Aula-2BN-MIXTO)",,,,,,,,,"LiUni-1BHCN
1BN-HCS
(Aula - DN1)
1BN-MIXTO","LCL-2BNoc
2BN-MIXTO
(Aula-2BN-MIXTO)",,"ACom. 2
Módulo II
(Aula-ESPA-II)",,,,,,,,"REUNIÓN
DEPLCL",,,"GUARDIA
Guardia Noct","LCL-2BNoc
2BN-HCS
(Aula-2BN-HCS)","ACom. 2
Módulo II
(Aula-ESPA-II)",,,,,,,,,"LCL-2BNoc
2BN-HCS
(Aula-2BN-HCS)","LCL-2BNoc
2BN-MIXTO
(Aula-2BN-MIXTO)","ACom. 2
Módulo II
(Aula-ESPA-II)","LiUni-1BHCN
1BN-HCS
(Aula - DN1)
1BN-MIXTO",,
Profesor92,"ECO-4ESO-G2
4º ESO B
(INF2)
4º ESO C","IAEE-4ESO-G2
4º ESO D
(D2)",,"EcoEm 2Ba G2
2º BACH D
(AULA 2DBach)","EcoEm 2Ba G1
2º BACH C
(AULA 2CBach)",,,,,,,,,"IAEE-4ESO-G2
4º ESO D
(D2)","GUARDIA
Guardia","EcoEm 2Ba G1
2º BACH C
(AULA 2CBach)",,"EcoEm 2Ba G2
2º BACH D
(AULA 2DBach)","FAG-2BACH
2º BACH C
(AULA 2CBach)
2º BACH D",,,,,,,,"EcoEm 2Ba G2
2º BACH D
(AULA 2DBach)","FAG-2BACH
2º BACH C
(AULA 2CBach)
2º BACH D",,"EcoEm 2Ba G1
2º BACH C
(AULA 2CBach)",,"REUNIÓN
DEPECO",,,,,,,,"ECO-4ESO-G2
4º ESO B
(INF2)
4º ESO C","EcoEm 2Ba G2
2º BACH D
(AULA 2DBach)","GUARDIA
Guardia","FAG-2BACH
2º BACH C
(AULA 2CBach)
2º BACH D","IAEE-4ESO-G2
4º ESO D
(D2)",,,,,,,,,"GUARDIA
G. Biblio","EcoEm 2Ba G1
2º BACH C
(AULA 2CBach)",,"ECO-4ESO-G2
4º ESO B
(DPTO LATÍN)
4º ESO C","FAG-2BACH
2º BACH C
(AULA 2CBach)
2º BACH D",,,,,,,,
Profesor93,,,"SER
2SMR
(IFC-4)","SER
2SMR
(IFC-4)",,,"REUNIÓN
DEPINF",,,,,,,,,,"SER
2SMR
(IFC-4)",,,,,,,,,,,,"SER
2SMR
(IFC-4)","SER
2SMR
(IFC-4)",,,,,,,,,,"FCT SMR
FCT SMR
(IFC-FCT1)","FCT SMR
FCT SMR
(IFC-FCT1)","FCT SMR
FCT SMR
(IFC-FCT1)","FCT SMR
FCT SMR
(IFC-FCT1)","FCT SMR
FCT SMR
(IFC-FCT1)",,,,,,,,,,"REUNIÓN
R.Tut. CCFF",,"SER
2SMR
(IFC-4)","SER
2SMR
(IFC-4)",,,,,,,,
Profesor94,,,,,,,"REUNIÓN
DEPMAT",,,"MAT-2BCNoc
2BN-MIXTO
(Aula-2BN-MIXTO)","GUARDIA
G. BiblioNoc","MAT-1BCNoc
1BN-MIXTO
(Aula-1BN-MIXTO)",,,,,,,,,"MatCCSS1BNoc
1BN-MIXTO
(Aula - DN1)
1BN-HCS","MAT PA CCFF
PA CCFF
(Aula-PAGS)","MatCCSS2BNoc
2BN-HCS
(Aula - DN1)
2BN-MIXTO","MAT-1BCNoc
1BN-MIXTO
(Aula-1BN-MIXTO)",,,,,,,,,,"MatCCSS2BNoc
2BN-HCS
(Aula - DN1)
2BN-MIXTO","MAT PA CCFF
PA CCFF
(Aula-PAGS)","MatCCSS1BNoc
1BN-MIXTO
(Aula - DN1)
1BN-HCS","GUARDIA
G. BiblioNoc",,"MAT-2BCNoc
2BN-MIXTO
(Aula-2BN-MIXTO)",,,,,,,,"MatCCSS2BNoc
2BN-HCS
(Aula - DN1)
2BN-MIXTO","MAT PA CCFF
PA CCFF
(Aula-PAGS)","MatCCSS1BNoc
1BN-MIXTO
(Aula - DN1)
1BN-HCS","MAT-1BCNoc
1BN-MIXTO
(Aula-1BN-MIXTO)","GUARDIA
Guardia Noct","MAT-2BCNoc
2BN-MIXTO
(Aula-2BN-MIXTO)",,,,,,,,"MatCCSS1BNoc
1BN-MIXTO
(Aula - DN1)
1BN-HCS","MAT-1BCNoc
1BN-MIXTO
(Aula-1BN-MIXTO)","MatCCSS2BNoc
2BN-HCS
(Aula - DN1)
2BN-MIXTO","GUARDIA
Guardia Noct",,"MAT-2BCNoc
2BN-MIXTO
(Aula-2BN-MIXTO)"
Profesor95,,"MAT.AC-4ESO
4º ESO A
(AULA 4A)","MATCCSS-2BACH
2º BACH C
(AULA 2CBach)",,"MAT-2ESO
2º ESO C
(D3)","GUARDIA
Guardia","REUNIÓN
DEPMAT",,,,,,,"MAT-2ESO
2º ESO C
(D3)","MAT.AC-3ESO
3º ESO B
(AULA 3B)","MAT.AC-4ESO
4º ESO A
(AULA 4A)","RMA-1ESO-G2
1º ESO D
(AULA 1D)",,,,,,,,,,,"REUNIÓN
R.Tut. Bach","MAT-2ESO
2º ESO C
(D3)","MAT.AC-3ESO
3º ESO B
(AULA 3B)","RMA-1ESO-G1
1º ESO D
(AULA 1D)","MATCCSS-2BACH
2º BACH C
(AULA 2CBach)",,,,,,,,"MAT.AC-3ESO
3º ESO B
(AULA 3B)",,,"MAT-2ESO
2º ESO C
(D3)","MAT.AC-4ESO
4º ESO A
(AULA 4A)","MATCCSS-2BACH
2º BACH C
(AULA 2CBach)",,,,,,,,"MAT.AC-3ESO
3º ESO B
(AULA 3B)","MAT.AC-4ESO
4º ESO A
(AULA 4A)","MATCCSS-2BACH
2º BACH C
(AULA 2CBach)",,,,,,,,,,
Profesor96,,,,,,,,,,,,,,,,,,,,,,,,,,,"TEC-2ESO
2º ESO C
(AULA 2C)","TIC-2BACH
2º BACH A
(INF2)
2º BACH C
2º BACH D","TEC-2ESO
2º ESO D
(AULA 2D)","REUNIÓN
DEPTEC",,"TEC-2ESO
2º ESO A
(AULA 2A)",,,,,,,,"GUARDIA
Guardia","TEC-2ESO
2º ESO A
(AULA 2A)",,"TIC-2BACH
2º BACH A
(INF2)
2º BACH C
2º BACH D",,,,,,,,,,"TEC-2ESO
2º ESO C
(AULA 2C)","TEC-2ESO
2º ESO D
(AULA 2D)",,,"TIC-2BACH
2º BACH A
(INF2)
2º BACH C
2º BACH D",,,,,,,,
Profesor97,"EPV(A)-1ESO
1º ESO A
(AULA DIB 2)","EPV(A)-1ESO
1º ESO B
(AULA DIB 2)
1º ESO C","EPV(A)4ESOG2
4º ESO A
(AULA DIB 2)
4º ESO D
4º ESO B
4º ESO C","GUARDIA
Guardia","Dib Tec1
1º BACH B
(AULA DIB 2)
1º BACH C",,,,,,,,,"EPV(A)-3ESO
3º ESO A
(AULA DIB 2)
3º ESO B",,"Dib Tec1
1º BACH B
(AULA DIB 2)
1º BACH C","REUNIÓN
DEPDIB",,"EPV(A)4ESOG2
4º ESO A
(AULA DIB 2)
4º ESO D
4º ESO B
4º ESO C",,,,,,,,,"REUNIÓN
R.Tut. Bach","Dib Tec1
1º BACH B
(AULA DIB 2)
1º BACH C","EPV(A)-1ESO
1º ESO A
(AULA DIB 2)","EPV(A)4ESOG2
4º ESO A
(AULA DIB 2)
4º ESO D
4º ESO B
4º ESO C","GUARDIA
Guardia",,,,,,,,,,"EPV(A)-3ESO
3º ESO D
(AULA DIB 2)",,"EPV(A)-3ESO
3º ESO A
(AULA DIB 2)
3º ESO B","CCP
REUNIÓN
(BIBLIOTECA)",,,,,,,,"EPV(A)-3ESO
3º ESO D
(AULA DIB 2)",,"Dib Tec1
1º BACH B
(AULA DIB 2)
1º BACH C",,"EPV(A)-1ESO
1º ESO B
(AULA DIB 2)
1º ESO C","GUARDIA
Guardia",,,,,,,
Profesor98,,,"LCL-1ESO
1º ESO B
(AULA 1B)",,,,,,,,,,,,,"LCL-1ESO
1º ESO B
(AULA 1B)","RLE-1ESO-G1
1º ESO D
(D1)",,,,,,,,,,,,"LCL-1ESO
1º ESO B
(AULA 1B)",,,,,,,,,,,,,"LCL-1ESO
1º ESO B
(AULA 1B)",,,"CCP
REUNIÓN
(BIBLIOTECA)","REUNIÓN
DEPLCL",,,,,,,,"LCL-1ESO
1º ESO B
(AULA 1B)",,,,,,,,,,,
Profesor99,"EF-3ESO
3º ESO A
(PATIO 1)
3º ESO B","EF-2ESO
2º ESO A
(PATIO 1)
2º ESO B","EF-1BACH
1º BACH A
(GIMNASIO)",,,,,,,,,,,"EF-2ESO
2º ESO A
(PATIO 1)
2º ESO B","GUARDIA
Guardia","GUARDIA
G. Biblio","EF-1BACH
1º BACH C
(GIMNASIO)",,,,,,,,,,"EF-3ESO
3º ESO A
(PATIO 1)
3º ESO B","GUARDIA
Guardia",,"EF-1BACH
1º BACH A
(GIMNASIO)","REUNIÓN
DEPEF","EF-1ESO
1º ESO A
(PATIO 1)",,,,,,,,,"EF-1BACH
1º BACH B
(PATIO 1)","EF-4ESO
4º ESO C
(GIMNASIO)
4ºPRAGE","EF-4ESO
4º ESO A
(PATIO 1)
4º ESO B","EF-1ESO
1º ESO A
(PATIO 1)","CCP
REUNIÓN
(BIBLIOTECA)",,,,,,,,"EF-1BACH
1º BACH C
(PATIO 1)","EF-4ESO
4º ESO C
(GIMNASIO)
4ºPRAGE",,"GUARDIA
Guardia","EF-4ESO
4º ESO A
(PATIO 1)
4º ESO B","EF-1BACH
1º BACH B
(GIMNASIO)",,,,,,,
